,episode,return,algo
0,0.0,-57.99127197265625,teacher policy
1,0.0,-66.11441040039062,teacher policy
2,3000.0,-58.15237594604492,teacher policy
3,3000.0,-66.14087677001953,teacher policy
4,6000.0,-58.32400463562011,teacher policy
5,6000.0,-66.15025161743165,teacher policy
6,9000.0,-58.468639502624505,teacher policy
7,9000.0,-66.15234164733887,teacher policy
8,12000.0,-58.61625127067748,teacher policy
9,12000.0,-66.13635261468507,teacher policy
10,15000.0,-58.75612702041042,teacher policy
11,15000.0,-66.1719893624402,teacher policy
12,18000.0,-58.902766107199476,teacher policy
13,18000.0,-66.13846290526952,teacher policy
14,21000.0,-59.01576501479182,teacher policy
15,21000.0,-66.12186521698834,teacher policy
16,24000.0,-59.08028400404676,teacher policy
17,24000.0,-66.12858150761927,teacher policy
18,27000.0,-59.212697336417,teacher policy
19,27000.0,-66.12598927810166,teacher policy
20,30000.0,-59.34910302713983,teacher policy
21,30000.0,-66.07273646031305,teacher policy
22,33000.0,-59.42804381815954,teacher policy
23,33000.0,-66.00116454360679,teacher policy
24,36000.0,-59.56319433706002,teacher policy
25,36000.0,-66.00815968535184,teacher policy
26,39000.0,-59.66715460193014,teacher policy
27,39000.0,-65.97430752680106,teacher policy
28,42000.0,-59.76359468249896,teacher policy
29,42000.0,-65.955345973433,teacher policy
30,45000.0,-59.869259220733746,teacher policy
31,45000.0,-65.77799198365183,teacher policy
32,48000.0,-59.99624888373118,teacher policy
33,48000.0,-65.74933048992605,teacher policy
34,51000.0,-60.11919454204288,teacher policy
35,51000.0,-65.78000473828183,teacher policy
36,54000.0,-60.227480512041865,teacher policy
37,54000.0,-65.7960011706158,teacher policy
38,57000.0,-60.32715361908618,teacher policy
39,57000.0,-65.81115109349254,teacher policy
40,60000.0,-60.303983807202506,teacher policy
41,60000.0,-65.83873849642738,teacher policy
42,63000.0,-60.36599525654674,teacher policy
43,63000.0,-65.82918510101057,teacher policy
44,66000.0,-60.476202054296664,teacher policy
45,66000.0,-65.84720741705677,teacher policy
46,69000.0,-60.555914615993935,teacher policy
47,69000.0,-65.86760366178204,teacher policy
48,72000.0,-60.64691134442601,teacher policy
49,72000.0,-65.67116452189602,teacher policy
50,75000.0,-60.73250278062343,teacher policy
51,75000.0,-65.4754331870245,teacher policy
52,78000.0,-60.76724283121214,teacher policy
53,78000.0,-65.48698409359652,teacher policy
54,81000.0,-60.85105736789844,teacher policy
55,81000.0,-65.51317474009373,teacher policy
56,84000.0,-60.93769390486665,teacher policy
57,84000.0,-65.54186418718639,teacher policy
58,87000.0,-60.996572930822055,teacher policy
59,87000.0,-65.56340040808134,teacher policy
60,90000.0,-60.971574180945844,teacher policy
61,90000.0,-65.58263304078885,teacher policy
62,93000.0,-61.04896719073513,teacher policy
63,93000.0,-65.6205371121508,teacher policy
64,96000.0,-61.11679964501613,teacher policy
65,96000.0,-65.6292231716656,teacher policy
66,99000.0,-61.192864378434166,teacher policy
67,99000.0,-65.4290392209276,teacher policy
68,102000.0,-61.274918498336184,teacher policy
69,102000.0,-65.41257971336452,teacher policy
70,105000.0,-61.35152141621126,teacher policy
71,105000.0,-65.41712825947809,teacher policy
72,108000.0,-61.39222536288704,teacher policy
73,108000.0,-65.41455244843893,teacher policy
74,111000.0,-61.41340978629336,teacher policy
75,111000.0,-65.45144877739983,teacher policy
76,114000.0,-61.49680357787218,teacher policy
77,114000.0,-65.47819876303348,teacher policy
78,117000.0,-61.584061262418246,teacher policy
79,117000.0,-65.20710768816343,teacher policy
80,120000.0,-61.68463055596871,teacher policy
81,120000.0,-65.01639372653884,teacher policy
82,123000.0,-61.67807997365793,teacher policy
83,123000.0,-65.05429674800415,teacher policy
84,126000.0,-61.72098123429219,teacher policy
85,126000.0,-65.05743826055382,teacher policy
86,129000.0,-61.79342531810244,teacher policy
87,129000.0,-65.07329694163181,teacher policy
88,132000.0,-61.8221742738986,teacher policy
89,132000.0,-64.98458963927379,teacher policy
90,135000.0,-61.868140456389376,teacher policy
91,135000.0,-64.78321983745512,teacher policy
92,138000.0,-61.910014250044796,teacher policy
93,138000.0,-64.80652898196578,teacher policy
94,141000.0,-61.98173278828608,teacher policy
95,141000.0,-64.85616652976788,teacher policy
96,144000.0,-62.04611241474692,teacher policy
97,144000.0,-64.8931481186061,teacher policy
98,147000.0,-62.07835255048519,teacher policy
99,147000.0,-64.91893811033555,teacher policy
100,150000.0,-62.106682350061426,teacher policy
101,150000.0,-64.97864620115618,teacher policy
102,153000.0,-62.164159909114886,teacher policy
103,153000.0,-64.98645578445728,teacher policy
104,156000.0,-62.18215173534665,teacher policy
105,156000.0,-65.02620039313337,teacher policy
106,159000.0,-62.23285180977057,teacher policy
107,159000.0,-65.06477749000703,teacher policy
108,162000.0,-62.29554264344821,teacher policy
109,162000.0,-65.05800434010924,teacher policy
110,165000.0,-62.34490827983706,teacher policy
111,165000.0,-64.90267219520159,teacher policy
112,168000.0,-62.400421460675865,teacher policy
113,168000.0,-64.93072638679561,teacher policy
114,171000.0,-62.430029303435,teacher policy
115,171000.0,-64.96106983635462,teacher policy
116,174000.0,-62.3294820010577,teacher policy
117,174000.0,-64.9896371359166,teacher policy
118,177000.0,-62.18704427754045,teacher policy
119,177000.0,-65.03460742420413,teacher policy
120,180000.0,-62.058120439108784,teacher policy
121,180000.0,-65.06332476058333,teacher policy
122,183000.0,-62.085464194877396,teacher policy
123,183000.0,-65.08839142577204,teacher policy
124,186000.0,-62.11840533212243,teacher policy
125,186000.0,-65.10343695174879,teacher policy
126,189000.0,-62.13264443373193,teacher policy
127,189000.0,-65.10948588849506,teacher policy
128,192000.0,-62.194237455701824,teacher policy
129,192000.0,-65.14562426520759,teacher policy
130,195000.0,-62.245630263960834,teacher policy
131,195000.0,-65.17052046520617,teacher policy
132,198000.0,-62.279179114980444,teacher policy
133,198000.0,-65.21257605932001,teacher policy
134,201000.0,-62.31968745162615,teacher policy
135,201000.0,-65.18932780351447,teacher policy
136,204000.0,-62.38800897358973,teacher policy
137,204000.0,-65.1958371153641,teacher policy
138,207000.0,-62.45572013811207,teacher policy
139,207000.0,-65.20791631421893,teacher policy
140,210000.0,-62.50551335864084,teacher policy
141,210000.0,-65.10092061610838,teacher policy
142,213000.0,-62.541974899329354,teacher policy
143,213000.0,-65.03275306438192,teacher policy
144,216000.0,-62.54207778415527,teacher policy
145,216000.0,-65.07406669205912,teacher policy
146,219000.0,-62.576692313677235,teacher policy
147,219000.0,-65.08978994806169,teacher policy
148,222000.0,-62.607170949093145,teacher policy
149,222000.0,-65.11098166741101,teacher policy
150,225000.0,-62.65713248006245,teacher policy
151,225000.0,-65.15176236975614,teacher policy
152,228000.0,-62.69056301161354,teacher policy
153,228000.0,-65.18590867143328,teacher policy
154,231000.0,-62.577345623451585,teacher policy
155,231000.0,-65.19592859614914,teacher policy
156,234000.0,-62.61274161259388,teacher policy
157,234000.0,-65.22676863018319,teacher policy
158,237000.0,-62.61701616876974,teacher policy
159,237000.0,-65.25657941846819,teacher policy
160,240000.0,-62.648722476253724,teacher policy
161,240000.0,-65.25587913503047,teacher policy
162,243000.0,-62.69268055236341,teacher policy
163,243000.0,-65.28306013631423,teacher policy
164,246000.0,-62.670070074861066,teacher policy
165,246000.0,-65.30778620165435,teacher policy
166,249000.0,-62.654653445092364,teacher policy
167,249000.0,-65.31328788728923,teacher policy
168,252000.0,-62.64525574972567,teacher policy
169,252000.0,-65.32132831240477,teacher policy
170,255000.0,-62.66063661495577,teacher policy
171,255000.0,-65.3394262822895,teacher policy
172,258000.0,-61.97684649007853,teacher policy
173,258000.0,-65.3480953677277,teacher policy
174,261000.0,-61.94593382785508,teacher policy
175,261000.0,-65.38750919279502,teacher policy
176,264000.0,-62.02308784416907,teacher policy
177,264000.0,-65.40480707412466,teacher policy
178,267000.0,-62.05122075281303,teacher policy
179,267000.0,-65.4277911023199,teacher policy
180,270000.0,-62.09460750108685,teacher policy
181,270000.0,-65.43223698925787,teacher policy
182,273000.0,-62.012445880850265,teacher policy
183,273000.0,-65.45218203218755,teacher policy
184,276000.0,-61.64221832553795,teacher policy
185,276000.0,-65.46441692547936,teacher policy
186,279000.0,-61.67884493681039,teacher policy
187,279000.0,-65.38666545220414,teacher policy
188,282000.0,-61.71729638890426,teacher policy
189,282000.0,-65.39293788046474,teacher policy
190,285000.0,-61.61793504974922,teacher policy
191,285000.0,-65.20100487358788,teacher policy
192,288000.0,-61.693107934447596,teacher policy
193,288000.0,-65.00249686107706,teacher policy
194,291000.0,-61.6990023980731,teacher policy
195,291000.0,-65.01531405032037,teacher policy
196,294000.0,-61.15648017481867,teacher policy
197,294000.0,-64.97757948562256,teacher policy
198,297000.0,-61.05005238406643,teacher policy
199,297000.0,-64.98950158975777,teacher policy
200,300000.0,-60.93817792329917,teacher policy
201,300000.0,-65.01458674106809,teacher policy
202,303000.0,-61.02025375081951,teacher policy
203,303000.0,-65.06190685317056,teacher policy
204,306000.0,-60.82928211696523,teacher policy
205,306000.0,-65.0664929958923,teacher policy
206,309000.0,-60.79314767701851,teacher policy
207,309000.0,-65.07413515135532,teacher policy
208,312000.0,-60.868086572843374,teacher policy
209,312000.0,-65.08831391683408,teacher policy
210,315000.0,-60.9333192932908,teacher policy
211,315000.0,-65.09764886530404,teacher policy
212,318000.0,-61.017013289505066,teacher policy
213,318000.0,-65.11090417046866,teacher policy
214,321000.0,-60.600335438265745,teacher policy
215,321000.0,-65.12006395571163,teacher policy
216,324000.0,-60.628690057625434,teacher policy
217,324000.0,-65.12950242879467,teacher policy
218,327000.0,-60.66664680456863,teacher policy
219,327000.0,-65.16771575546291,teacher policy
220,330000.0,-60.53571758551827,teacher policy
221,330000.0,-65.18711122673061,teacher policy
222,333000.0,-60.5075422963079,teacher policy
223,333000.0,-65.2036357258288,teacher policy
224,336000.0,-60.44892007587003,teacher policy
225,336000.0,-65.20955934920285,teacher policy
226,339000.0,-60.525981408239346,teacher policy
227,339000.0,-65.22904736143754,teacher policy
228,342000.0,-60.44037053251596,teacher policy
229,342000.0,-65.25036973452129,teacher policy
230,345000.0,-60.53393784720744,teacher policy
231,345000.0,-65.2592566879754,teacher policy
232,348000.0,-60.45076961882775,teacher policy
233,348000.0,-65.29471471217487,teacher policy
234,351000.0,-60.36377128577737,teacher policy
235,351000.0,-65.31512794356613,teacher policy
236,354000.0,-60.46486805244463,teacher policy
237,354000.0,-65.33817795427488,teacher policy
238,357000.0,-59.90837006883714,teacher policy
239,357000.0,-65.34625494084368,teacher policy
240,360000.0,-57.481845314249945,teacher policy
241,360000.0,-65.34880478709516,teacher policy
242,363000.0,-57.594791263189556,teacher policy
243,363000.0,-65.37501304804272,teacher policy
244,366000.0,-57.040200430601544,teacher policy
245,366000.0,-65.33322140524594,teacher policy
246,369000.0,-56.214268629631114,teacher policy
247,369000.0,-65.27850079427968,teacher policy
248,372000.0,-54.24591812489738,teacher policy
249,372000.0,-65.3006355513433,teacher policy
250,375000.0,-54.418425299508804,teacher policy
251,375000.0,-65.28253467503323,teacher policy
252,378000.0,-52.88168533546504,teacher policy
253,378000.0,-65.13971097738218,teacher policy
254,381000.0,-51.8482584387533,teacher policy
255,381000.0,-65.18238520265875,teacher policy
256,384000.0,-50.816123592243855,teacher policy
257,384000.0,-65.18353013166221,teacher policy
258,387000.0,-51.062773074744676,teacher policy
259,387000.0,-65.19369009543522,teacher policy
260,390000.0,-50.970297825652125,teacher policy
261,390000.0,-65.22845170002066,teacher policy
262,393000.0,-50.45460524804533,teacher policy
263,393000.0,-65.24536856689915,teacher policy
264,396000.0,-49.85977766945162,teacher policy
265,396000.0,-65.26785713061976,teacher policy
266,399000.0,-46.604573388035234,teacher policy
267,399000.0,-65.27277907125932,teacher policy
268,402000.0,-46.51892296031359,teacher policy
269,402000.0,-65.29345111434586,teacher policy
270,405000.0,-45.36118102912245,teacher policy
271,405000.0,-65.02892791725425,teacher policy
272,408000.0,-43.72895205842708,teacher policy
273,408000.0,-65.00813237892869,teacher policy
274,411000.0,-43.9997381600808,teacher policy
275,411000.0,-65.03708502676028,teacher policy
276,414000.0,-36.39363438809012,teacher policy
277,414000.0,-65.0653988071821,teacher policy
278,417000.0,-35.43564374988886,teacher policy
279,417000.0,-64.97143763279628,teacher policy
280,420000.0,-33.83082707316379,teacher policy
281,420000.0,-64.99652578687864,teacher policy
282,423000.0,-31.0429184174427,teacher policy
283,423000.0,-65.0232758741684,teacher policy
284,426000.0,-28.22253883174765,teacher policy
285,426000.0,-63.65772414452683,teacher policy
286,429000.0,-23.87618284271035,teacher policy
287,429000.0,-62.298047292251525,teacher policy
288,432000.0,-15.58627271124676,teacher policy
289,432000.0,-60.98341004635766,teacher policy
290,435000.0,-7.085869888857754,teacher policy
291,435000.0,-59.69738335544027,teacher policy
292,438000.0,-5.368772356498078,teacher policy
293,438000.0,-58.41830202133928,teacher policy
294,441000.0,2.826678652155328,teacher policy
295,441000.0,-57.178305731889054,teacher policy
296,444000.0,4.926963325953654,teacher policy
297,444000.0,-55.94193001642119,teacher policy
298,447000.0,8.00409468321388,teacher policy
299,447000.0,-54.73809019538964,teacher policy
300,450000.0,10.741599535765426,teacher policy
301,450000.0,-53.496791068483795,teacher policy
302,453000.0,18.74509457141731,teacher policy
303,453000.0,-51.88177513847154,teacher policy
304,456000.0,26.70803691827022,teacher policy
305,456000.0,-50.7551439691982,teacher policy
306,459000.0,28.37609312936771,teacher policy
307,459000.0,-49.66273899630838,teacher policy
308,462000.0,35.98936289275692,teacher policy
309,462000.0,-48.603100701977915,teacher policy
310,465000.0,43.2751597413471,teacher policy
311,465000.0,-47.30082369160046,teacher policy
312,468000.0,50.393653738902984,teacher policy
313,468000.0,-46.26908105199697,teacher policy
314,471000.0,57.44236330572649,teacher policy
315,471000.0,-45.26017556621094,teacher policy
316,474000.0,64.29738139605728,teacher policy
317,474000.0,-44.25674604170313,teacher policy
318,477000.0,65.16235165105545,teacher policy
319,477000.0,-43.21124902980461,teacher policy
320,480000.0,72.22144714733122,teacher policy
321,480000.0,-42.17592755262649,teacher policy
322,483000.0,71.9757574469383,teacher policy
323,483000.0,-41.22176904796068,teacher policy
324,486000.0,78.46914146792142,teacher policy
325,486000.0,-40.289577624520994,teacher policy
326,489000.0,79.10956895274145,teacher policy
327,489000.0,-39.35845220972589,teacher policy
328,492000.0,80.84906153364756,teacher policy
329,492000.0,-38.14758443506262,teacher policy
330,495000.0,82.57349570824805,teacher policy
331,495000.0,-37.281733423851605,teacher policy
332,498000.0,88.77346500306747,teacher policy
333,498000.0,-36.42176388598981,teacher policy
334,501000.0,95.01114145495926,teacher policy
335,501000.0,-35.43342824816259,teacher policy
336,504000.0,101.0572559061335,teacher policy
337,504000.0,-34.5835867400841,teacher policy
338,507000.0,101.30796259465146,teacher policy
339,507000.0,-33.79359621866133,teacher policy
340,510000.0,99.56101217454554,teacher policy
341,510000.0,-32.794724721534195,teacher policy
342,513000.0,105.4311011351562,teacher policy
343,513000.0,-31.42080746099023,teacher policy
344,516000.0,111.24362230092963,teacher policy
345,516000.0,-30.527979232913,teacher policy
346,519000.0,111.347198570121,teacher policy
347,519000.0,-29.658170533264506,teacher policy
348,522000.0,116.92730171785921,teacher policy
349,522000.0,-28.595035809122653,teacher policy
350,525000.0,114.7192459483946,teacher policy
351,525000.0,-27.886127494063246,teacher policy
352,528000.0,115.87751453284469,teacher policy
353,528000.0,-26.912068121672213,teacher policy
354,531000.0,121.63947474023468,teacher policy
355,531000.0,-26.0978334120708,teacher policy
356,534000.0,121.54481005469512,teacher policy
357,534000.0,-25.47134213689579,teacher policy
358,537000.0,121.32619794173598,teacher policy
359,537000.0,-24.689597331511386,teacher policy
360,540000.0,119.02119818334072,teacher policy
361,540000.0,-23.758686244256157,teacher policy
362,543000.0,124.56549406830672,teacher policy
363,543000.0,-23.10932459212494,teacher policy
364,546000.0,130.12216148186246,teacher policy
365,546000.0,-22.54319767059494,teacher policy
366,549000.0,135.24549706081896,teacher policy
367,549000.0,-21.92310764296429,teacher policy
368,552000.0,140.5740539164776,teacher policy
369,552000.0,-21.34952967589602,teacher policy
370,555000.0,145.97543660767928,teacher policy
371,555000.0,-20.763557148784347,teacher policy
372,558000.0,146.2648851661751,teacher policy
373,558000.0,-19.997736079050846,teacher policy
374,561000.0,151.26031683296878,teacher policy
375,561000.0,-19.267617935838967,teacher policy
376,564000.0,151.92373567941488,teacher policy
377,564000.0,-18.563140973850704,teacher policy
378,567000.0,156.77568454981096,teacher policy
379,567000.0,-17.850310161209627,teacher policy
380,570000.0,161.71213191838507,teacher policy
381,570000.0,-17.099798556374108,teacher policy
382,573000.0,166.4451835915408,teacher policy
383,573000.0,-16.451996310832563,teacher policy
384,576000.0,171.2218786745928,teacher policy
385,576000.0,-16.001582788424503,teacher policy
386,579000.0,175.68382904055406,teacher policy
387,579000.0,-15.579076920009529,teacher policy
388,582000.0,180.4873039490008,teacher policy
389,582000.0,-15.119521291033166,teacher policy
390,585000.0,179.2589117823743,teacher policy
391,585000.0,-14.102702917214456,teacher policy
392,588000.0,183.76877260922683,teacher policy
393,588000.0,-13.695287530745166,teacher policy
394,591000.0,188.15807916387823,teacher policy
395,591000.0,-13.350550328714247,teacher policy
396,594000.0,192.32390561771004,teacher policy
397,594000.0,-12.930100754024728,teacher policy
398,597000.0,196.40360609422305,teacher policy
399,597000.0,-12.536228200614156,teacher policy
400,600000.0,200.32019766862766,teacher policy
401,600000.0,-12.206185094121404,teacher policy
402,603000.0,204.2005515277551,teacher policy
403,603000.0,-11.843620687893273,teacher policy
404,606000.0,207.98043454016874,teacher policy
405,606000.0,-11.23941245870572,teacher policy
406,609000.0,206.06004421789567,teacher policy
407,609000.0,-10.859899935849965,teacher policy
408,612000.0,209.9131475327565,teacher policy
409,612000.0,-10.433707338744293,teacher policy
410,615000.0,209.15102258258966,teacher policy
411,615000.0,-10.004431080153001,teacher policy
412,618000.0,213.08214275593787,teacher policy
413,618000.0,-9.197692983452285,teacher policy
414,621000.0,216.92127504730348,teacher policy
415,621000.0,-8.870790515384801,teacher policy
416,624000.0,220.7593601664746,teacher policy
417,624000.0,-8.27764365649312,teacher policy
418,627000.0,219.68331389332087,teacher policy
419,627000.0,-7.669686150794897,teacher policy
420,630000.0,223.20402078439977,teacher policy
421,630000.0,-7.230175942183296,teacher policy
422,633000.0,226.6365401001571,teacher policy
423,633000.0,-6.980497807861115,teacher policy
424,636000.0,230.09379464971644,teacher policy
425,636000.0,-6.692097721088658,teacher policy
426,639000.0,228.9212693426596,teacher policy
427,639000.0,-6.475853728092666,teacher policy
428,642000.0,232.46621858959548,teacher policy
429,642000.0,-4.431622374356007,teacher policy
430,645000.0,235.75506377346764,teacher policy
431,645000.0,-3.619547772938222,teacher policy
432,648000.0,239.4219205058108,teacher policy
433,648000.0,-2.8403216429189104,teacher policy
434,651000.0,242.5870496005774,teacher policy
435,651000.0,-1.7577179383320154,teacher policy
436,654000.0,245.66037513688616,teacher policy
437,654000.0,-1.5448585014403748,teacher policy
438,657000.0,249.01082669176563,teacher policy
439,657000.0,-1.217802578970161,teacher policy
440,660000.0,252.22888774582094,teacher policy
441,660000.0,-0.040926919846811405,teacher policy
442,663000.0,254.9844161920764,teacher policy
443,663000.0,0.8373849809768834,teacher policy
444,666000.0,250.00055642048096,teacher policy
445,666000.0,2.3142375163426987,teacher policy
446,669000.0,253.07766992586042,teacher policy
447,669000.0,2.8544203563478767,teacher policy
448,672000.0,256.08215656640573,teacher policy
449,672000.0,5.429942499147679,teacher policy
450,675000.0,258.79817884035106,teacher policy
451,675000.0,7.153031938807061,teacher policy
452,678000.0,257.2939169237003,teacher policy
453,678000.0,7.444956346417639,teacher policy
454,681000.0,259.93047388796066,teacher policy
455,681000.0,7.45665399072952,teacher policy
456,684000.0,255.41910379008425,teacher policy
457,684000.0,7.677084967311414,teacher policy
458,687000.0,250.59478207805208,teacher policy
459,687000.0,15.509298883199566,teacher policy
460,690000.0,253.4853009872723,teacher policy
461,690000.0,16.50717793849456,teacher policy
462,693000.0,256.5270433317847,teacher policy
463,693000.0,18.445700742487123,teacher policy
464,696000.0,253.96310013665777,teacher policy
465,696000.0,18.448941726416678,teacher policy
466,699000.0,249.17882913123904,teacher policy
467,699000.0,20.97102581913444,teacher policy
468,702000.0,252.05430284158302,teacher policy
469,702000.0,20.877200090349405,teacher policy
470,705000.0,255.06022117928262,teacher policy
471,705000.0,27.922568686198673,teacher policy
472,708000.0,258.0098846756188,teacher policy
473,708000.0,29.668753924413178,teacher policy
474,711000.0,256.76140405363964,teacher policy
475,711000.0,29.54715069651085,teacher policy
476,714000.0,255.00192777310394,teacher policy
477,714000.0,29.063593852014225,teacher policy
478,717000.0,258.39295183971217,teacher policy
479,717000.0,32.296934706907535,teacher policy
480,720000.0,261.09052920428513,teacher policy
481,720000.0,32.470088954053566,teacher policy
482,723000.0,263.91050145711347,teacher policy
483,723000.0,34.04883611219784,teacher policy
484,726000.0,266.80373246801025,teacher policy
485,726000.0,36.29816677825955,teacher policy
486,729000.0,269.7697903870094,teacher policy
487,729000.0,37.84244603836697,teacher policy
488,732000.0,272.45534611735513,teacher policy
489,732000.0,40.7830308944551,teacher policy
490,735000.0,275.20450396551587,teacher policy
491,735000.0,42.315720305557704,teacher policy
492,738000.0,277.46755499948677,teacher policy
493,738000.0,44.50430870096022,teacher policy
494,741000.0,280.0770704766455,teacher policy
495,741000.0,45.02773628273936,teacher policy
496,744000.0,282.36895985324537,teacher policy
497,744000.0,51.83992325630334,teacher policy
498,747000.0,277.3642092877722,teacher policy
499,747000.0,52.44650514701223,teacher policy
500,750000.0,279.98495427682144,teacher policy
501,750000.0,59.5344189161423,teacher policy
502,753000.0,282.45840887780844,teacher policy
503,753000.0,66.4173139118429,teacher policy
504,756000.0,279.139249474056,teacher policy
505,756000.0,65.49245365655526,teacher policy
506,759000.0,273.697104590776,teacher policy
507,759000.0,71.95160910002572,teacher policy
508,762000.0,276.3532754139996,teacher policy
509,762000.0,78.38428956450959,teacher policy
510,765000.0,278.6570991879462,teacher policy
511,765000.0,84.77705909548503,teacher policy
512,768000.0,281.2608523457888,teacher policy
513,768000.0,90.85168820166128,teacher policy
514,771000.0,275.7664202109824,teacher policy
515,771000.0,97.14689564856556,teacher policy
516,774000.0,278.60949390637217,teacher policy
517,774000.0,103.24270285278175,teacher policy
518,777000.0,280.90061579582283,teacher policy
519,777000.0,109.23725431330423,teacher policy
520,780000.0,283.28079928068763,teacher policy
521,780000.0,114.84694770360065,teacher policy
522,783000.0,285.74294208413636,teacher policy
523,783000.0,113.26532979445051,teacher policy
524,786000.0,288.2888181057349,teacher policy
525,786000.0,118.99933289094432,teacher policy
526,789000.0,290.6092117875655,teacher policy
527,789000.0,124.63448051046919,teacher policy
528,792000.0,292.74655452935326,teacher policy
529,792000.0,124.54898740294536,teacher policy
530,795000.0,295.0780510510709,teacher policy
531,795000.0,125.194540095072,teacher policy
532,798000.0,297.07737870192443,teacher policy
533,798000.0,131.05640429805337,teacher policy
534,801000.0,291.3891732604543,teacher policy
535,801000.0,131.45883067071048,teacher policy
536,804000.0,293.61280825227647,teacher policy
537,804000.0,137.17433179167128,teacher policy
538,807000.0,296.10470919172315,teacher policy
539,807000.0,138.38646435749803,teacher policy
540,810000.0,298.24626613093557,teacher policy
541,810000.0,138.6839868403676,teacher policy
542,813000.0,300.0849876589028,teacher policy
543,813000.0,144.199259740279,teacher policy
544,816000.0,296.3810298147518,teacher policy
545,816000.0,149.17995350055153,teacher policy
546,819000.0,298.73484232392553,teacher policy
547,819000.0,153.89104193054052,teacher policy
548,822000.0,300.90151144424385,teacher policy
549,822000.0,158.85756923646096,teacher policy
550,825000.0,302.8256992329371,teacher policy
551,825000.0,163.18178015641925,teacher policy
552,828000.0,305.0036182316768,teacher policy
553,828000.0,167.51854860602523,teacher policy
554,831000.0,307.1319992361839,teacher policy
555,831000.0,171.76943068566254,teacher policy
556,834000.0,308.91532055517115,teacher policy
557,834000.0,176.3624044987071,teacher policy
558,837000.0,311.07813780129425,teacher policy
559,837000.0,174.22722138065677,teacher policy
560,840000.0,312.7638736292527,teacher policy
561,840000.0,178.4714745604655,teacher policy
562,843000.0,314.6965929828395,teacher policy
563,843000.0,177.43878762296714,teacher policy
564,846000.0,310.91596983900297,teacher policy
565,846000.0,181.84377529824218,teacher policy
566,849000.0,312.97530119905883,teacher policy
567,849000.0,186.17578467997265,teacher policy
568,852000.0,314.43662708425734,teacher policy
569,852000.0,182.5723617598107,teacher policy
570,855000.0,311.82424540316794,teacher policy
571,855000.0,187.03325522285667,teacher policy
572,858000.0,314.0017467011593,teacher policy
573,858000.0,191.4331064758214,teacher policy
574,861000.0,315.9315896968236,teacher policy
575,861000.0,195.49304358946904,teacher policy
576,864000.0,317.47378553960584,teacher policy
577,864000.0,191.66178821694723,teacher policy
578,867000.0,319.15179273896996,teacher policy
579,867000.0,195.8912654653036,teacher policy
580,870000.0,321.06911210879997,teacher policy
581,870000.0,199.60159872533347,teacher policy
582,873000.0,322.5974179769756,teacher policy
583,873000.0,197.92028969317911,teacher policy
584,876000.0,319.0243532081343,teacher policy
585,876000.0,196.36109875832432,teacher policy
586,879000.0,313.1882116945087,teacher policy
587,879000.0,200.40905256440783,teacher policy
588,882000.0,315.25598798796227,teacher policy
589,882000.0,204.53593926214313,teacher policy
590,885000.0,311.28203880620595,teacher policy
591,885000.0,208.57302870443934,teacher policy
592,888000.0,313.0884469802771,teacher policy
593,888000.0,212.44434767136616,teacher policy
594,891000.0,315.0055824596169,teacher policy
595,891000.0,216.30903005387634,teacher policy
596,894000.0,316.5580739598386,teacher policy
597,894000.0,219.78738009244725,teacher policy
598,897000.0,318.2919216359153,teacher policy
599,897000.0,223.24623454137958,teacher policy
600,900000.0,319.994335156322,teacher policy
601,900000.0,218.86612048897973,teacher policy
602,903000.0,321.6146211826877,teacher policy
603,903000.0,222.6430302569345,teacher policy
604,906000.0,323.0118148430183,teacher policy
605,906000.0,226.02527035980364,teacher policy
606,909000.0,324.53645464479075,teacher policy
607,909000.0,229.55751580709975,teacher policy
608,912000.0,326.27315414076213,teacher policy
609,912000.0,227.39862165550852,teacher policy
610,915000.0,320.44898759725356,teacher policy
611,915000.0,230.83085307982023,teacher policy
612,918000.0,316.99773176803797,teacher policy
613,918000.0,234.10216997818478,teacher policy
614,921000.0,318.85781131236473,teacher policy
615,921000.0,237.75179711084766,teacher policy
616,924000.0,314.822780444699,teacher policy
617,924000.0,241.44712982097448,teacher policy
618,927000.0,316.89808508971123,teacher policy
619,927000.0,244.39656063764093,teacher policy
620,930000.0,318.39431528244825,teacher policy
621,930000.0,239.6223519590678,teacher policy
622,933000.0,319.88293776586175,teacher policy
623,933000.0,237.1887226689099,teacher policy
624,936000.0,316.9912776982886,teacher policy
625,936000.0,235.76662347798288,teacher policy
626,939000.0,319.0297291218619,teacher policy
627,939000.0,239.23650035900917,teacher policy
628,942000.0,320.7670868099325,teacher policy
629,942000.0,237.74158678859655,teacher policy
630,945000.0,317.5285459923129,teacher policy
631,945000.0,236.32810392977774,teacher policy
632,948000.0,319.3198567863338,teacher policy
633,948000.0,234.2069730645611,teacher policy
634,951000.0,320.7581440988493,teacher policy
635,951000.0,237.61022251928551,teacher policy
636,954000.0,318.03291789289773,teacher policy
637,954000.0,233.06645297490567,teacher policy
638,957000.0,315.606526807989,teacher policy
639,957000.0,231.85487840149153,teacher policy
640,960000.0,317.35374807846983,teacher policy
641,960000.0,229.7114605285911,teacher policy
642,963000.0,319.1507282926817,teacher policy
643,963000.0,228.66896853115404,teacher policy
644,966000.0,315.91751879579783,teacher policy
645,966000.0,226.55030469855586,teacher policy
646,969000.0,317.4209799433194,teacher policy
647,969000.0,229.95361745224102,teacher policy
648,972000.0,319.13244132589836,teacher policy
649,972000.0,233.2472941266337,teacher policy
650,975000.0,320.6048785589507,teacher policy
651,975000.0,236.51477866402288,teacher policy
652,978000.0,317.26693771079414,teacher policy
653,978000.0,239.63150945792992,teacher policy
654,981000.0,319.1820298647814,teacher policy
655,981000.0,237.2205763894378,teacher policy
656,984000.0,315.18402533010783,teacher policy
657,984000.0,240.49811737629747,teacher policy
658,987000.0,317.10333859791973,teacher policy
659,987000.0,243.661812255334,teacher policy
660,990000.0,319.02898972146915,teacher policy
661,990000.0,241.24384750223172,teacher policy
662,993000.0,314.9003632046277,teacher policy
663,993000.0,244.40379904339804,teacher policy
664,996000.0,316.72194883604294,teacher policy
665,996000.0,247.7836997471004,teacher policy
666,999000.0,318.3141224081502,teacher policy
667,999000.0,250.92252831563496,teacher policy
668,1002000.0,320.4874505556903,teacher policy
669,1002000.0,254.37175108916603,teacher policy
670,1005000.0,322.0191871402796,teacher policy
671,1005000.0,252.5708521696776,teacher policy
672,1008000.0,323.7869937050912,teacher policy
673,1008000.0,255.34160553644028,teacher policy
674,1011000.0,325.75854814251284,teacher policy
675,1011000.0,257.91046739543805,teacher policy
676,1014000.0,327.1909656806391,teacher policy
677,1014000.0,260.6266751617871,teacher policy
678,1017000.0,328.53593176741697,teacher policy
679,1017000.0,257.99456646323887,teacher policy
680,1020000.0,329.7362293674202,teacher policy
681,1020000.0,260.89265487030224,teacher policy
682,1023000.0,331.07821803690774,teacher policy
683,1023000.0,263.70454908734933,teacher policy
684,1026000.0,332.7994728900368,teacher policy
685,1026000.0,266.1377902589226,teacher policy
686,1029000.0,334.2902766451267,teacher policy
687,1029000.0,268.8832485650723,teacher policy
688,1032000.0,331.5214114198414,teacher policy
689,1032000.0,271.46036691896614,teacher policy
690,1035000.0,332.8341924199602,teacher policy
691,1035000.0,274.1689964946493,teacher policy
692,1038000.0,328.89302866738615,teacher policy
693,1038000.0,269.1990952634868,teacher policy
694,1041000.0,330.45854761064,teacher policy
695,1041000.0,271.6712095496233,teacher policy
696,1044000.0,331.7302317609662,teacher policy
697,1044000.0,274.0147372629277,teacher policy
698,1047000.0,333.0379910173485,teacher policy
699,1047000.0,276.26062782040356,teacher policy
700,1050000.0,334.45492284739214,teacher policy
701,1050000.0,278.59200156770646,teacher policy
702,1053000.0,328.95319133380366,teacher policy
703,1053000.0,280.79742533029764,teacher policy
704,1056000.0,330.2304086350573,teacher policy
705,1056000.0,282.9550473803323,teacher policy
706,1059000.0,331.5581484848171,teacher policy
707,1059000.0,285.1492203585069,teacher policy
708,1062000.0,328.66841282224965,teacher policy
709,1062000.0,287.7702099503602,teacher policy
710,1065000.0,330.15848816932026,teacher policy
711,1065000.0,290.1280192523295,teacher policy
712,1068000.0,331.87793437273075,teacher policy
713,1068000.0,287.8780437061501,teacher policy
714,1071000.0,333.5840219255105,teacher policy
715,1071000.0,282.4265605602986,teacher policy
716,1074000.0,334.97801653582843,teacher policy
717,1074000.0,279.26351774478354,teacher policy
718,1077000.0,330.71560174344194,teacher policy
719,1077000.0,281.6277169943801,teacher policy
720,1080000.0,332.3383703970497,teacher policy
721,1080000.0,279.5530091815921,teacher policy
722,1083000.0,333.5905293807102,teacher policy
723,1083000.0,281.9408302235462,teacher policy
724,1086000.0,334.991472699346,teacher policy
725,1086000.0,284.40683417571586,teacher policy
726,1089000.0,336.3270350910622,teacher policy
727,1089000.0,286.51983579786565,teacher policy
728,1092000.0,337.5604058882644,teacher policy
729,1092000.0,288.7599328563224,teacher policy
730,1095000.0,338.9579111494054,teacher policy
731,1095000.0,285.99236702695475,teacher policy
732,1098000.0,340.34262926919075,teacher policy
733,1098000.0,288.35740738172814,teacher policy
734,1101000.0,341.515079051971,teacher policy
735,1101000.0,286.0924729792108,teacher policy
736,1104000.0,343.0574251760097,teacher policy
737,1104000.0,283.0245608212623,teacher policy
738,1107000.0,344.49280255139576,teacher policy
739,1107000.0,285.12302712436826,teacher policy
740,1110000.0,345.35707552868814,teacher policy
741,1110000.0,287.4948341600059,teacher policy
742,1113000.0,346.58850396440346,teacher policy
743,1113000.0,284.8848505017081,teacher policy
744,1116000.0,347.6788951399982,teacher policy
745,1116000.0,287.4342927739005,teacher policy
746,1119000.0,344.3188684151767,teacher policy
747,1119000.0,289.4900289154928,teacher policy
748,1122000.0,345.54823872753724,teacher policy
749,1122000.0,287.42360678566934,teacher policy
750,1125000.0,346.870110867049,teacher policy
751,1125000.0,290.0826712710497,teacher policy
752,1128000.0,348.03305655009865,teacher policy
753,1128000.0,292.5047257313709,teacher policy
754,1131000.0,344.71456537148924,teacher policy
755,1131000.0,294.61816332123567,teacher policy
756,1134000.0,345.94050355624694,teacher policy
757,1134000.0,292.5051839049086,teacher policy
758,1137000.0,346.7482352331689,teacher policy
759,1137000.0,288.92631494894795,teacher policy
760,1140000.0,347.69303981561484,teacher policy
761,1140000.0,291.44965571539865,teacher policy
762,1143000.0,349.0291021150057,teacher policy
763,1143000.0,293.88192969093444,teacher policy
764,1146000.0,350.15480669379934,teacher policy
765,1146000.0,296.0002298178189,teacher policy
766,1149000.0,351.16650243004057,teacher policy
767,1149000.0,298.44012268240004,teacher policy
768,1152000.0,351.87891395858816,teacher policy
769,1152000.0,296.0673144914474,teacher policy
770,1155000.0,352.58636741769766,teacher policy
771,1155000.0,290.2508812265208,teacher policy
772,1158000.0,348.65260416541304,teacher policy
773,1158000.0,292.60048335296693,teacher policy
774,1161000.0,349.578099445386,teacher policy
775,1161000.0,289.8244100414984,teacher policy
776,1164000.0,350.54487058636107,teacher policy
777,1164000.0,291.7340363426216,teacher policy
778,1167000.0,351.68590676838386,teacher policy
779,1167000.0,288.52777114311294,teacher policy
780,1170000.0,348.78904516988143,teacher policy
781,1170000.0,290.67119399173504,teacher policy
782,1173000.0,349.596415511601,teacher policy
783,1173000.0,292.80389804158784,teacher policy
784,1176000.0,345.1149902836444,teacher policy
785,1176000.0,294.86726466083417,teacher policy
786,1179000.0,341.1691511255545,teacher policy
787,1179000.0,291.917431193179,teacher policy
788,1182000.0,338.0599032348793,teacher policy
789,1182000.0,289.7710402719522,teacher policy
790,1185000.0,339.1462582707677,teacher policy
791,1185000.0,287.44411052486277,teacher policy
792,1188000.0,340.56267575671956,teacher policy
793,1188000.0,285.10630573746124,teacher policy
794,1191000.0,341.83979809607735,teacher policy
795,1191000.0,287.57456841665737,teacher policy
796,1194000.0,342.9971586282964,teacher policy
797,1194000.0,284.7363122930752,teacher policy
798,1197000.0,344.0815404069024,teacher policy
799,1197000.0,286.88420689682306,teacher policy
800,1200000.0,345.0018065714206,teacher policy
801,1200000.0,289.03787957041004,teacher policy
802,1203000.0,346.35305034721875,teacher policy
803,1203000.0,291.44231240868936,teacher policy
804,1206000.0,347.3916076264072,teacher policy
805,1206000.0,293.4490575911796,teacher policy
806,1209000.0,340.763909446047,teacher policy
807,1209000.0,296.05212294814504,teacher policy
808,1212000.0,336.48538937480185,teacher policy
809,1212000.0,298.4119575643774,teacher policy
810,1215000.0,337.6597471390636,teacher policy
811,1215000.0,300.6723670947305,teacher policy
812,1218000.0,338.821998973626,teacher policy
813,1218000.0,302.6307990252968,teacher policy
814,1221000.0,340.0129106787238,teacher policy
815,1221000.0,304.4728540652987,teacher policy
816,1224000.0,341.1278142083134,teacher policy
817,1224000.0,306.75916175450055,teacher policy
818,1227000.0,342.3891104632096,teacher policy
819,1227000.0,308.8792623328871,teacher policy
820,1230000.0,343.513242926797,teacher policy
821,1230000.0,310.6179637073231,teacher policy
822,1233000.0,344.8176588543938,teacher policy
823,1233000.0,312.28396441852817,teacher policy
824,1236000.0,345.9857874888294,teacher policy
825,1236000.0,313.8722518049623,teacher policy
826,1239000.0,342.6296407698145,teacher policy
827,1239000.0,315.8870748352693,teacher policy
828,1242000.0,343.8999715384026,teacher policy
829,1242000.0,317.67741561395457,teacher policy
830,1245000.0,345.12190680001737,teacher policy
831,1245000.0,313.8128348538605,teacher policy
832,1248000.0,346.37366788276705,teacher policy
833,1248000.0,315.51170816166615,teacher policy
834,1251000.0,342.662481832851,teacher policy
835,1251000.0,317.29749145448756,teacher policy
836,1254000.0,344.01340883193615,teacher policy
837,1254000.0,313.2092316736156,teacher policy
838,1257000.0,345.1626285703365,teacher policy
839,1257000.0,315.21326054111984,teacher policy
840,1260000.0,346.47582863564855,teacher policy
841,1260000.0,316.9446636652584,teacher policy
842,1263000.0,347.5184629418418,teacher policy
843,1263000.0,318.81538648082045,teacher policy
844,1266000.0,348.76635479140344,teacher policy
845,1266000.0,314.6018700224137,teacher policy
846,1269000.0,344.3045762414128,teacher policy
847,1269000.0,310.64234826222423,teacher policy
848,1272000.0,345.43372458474863,teacher policy
849,1272000.0,312.42156977842507,teacher policy
850,1275000.0,346.6217358840693,teacher policy
851,1275000.0,306.2598842935011,teacher policy
852,1278000.0,342.2460096167053,teacher policy
853,1278000.0,308.12244295528734,teacher policy
854,1281000.0,337.70778831887196,teacher policy
855,1281000.0,309.94639363231437,teacher policy
856,1284000.0,333.3491429589887,teacher policy
857,1284000.0,311.86159906044935,teacher policy
858,1287000.0,334.54123419648863,teacher policy
859,1287000.0,313.8271600479904,teacher policy
860,1290000.0,335.91714901451195,teacher policy
861,1290000.0,309.9678992185516,teacher policy
862,1293000.0,337.4180833779717,teacher policy
863,1293000.0,311.75231931035245,teacher policy
864,1296000.0,338.80727603170135,teacher policy
865,1296000.0,313.60832700129384,teacher policy
866,1299000.0,334.6486454646806,teacher policy
867,1299000.0,315.49308856185394,teacher policy
868,1302000.0,335.76612421554324,teacher policy
869,1302000.0,317.256924910734,teacher policy
870,1305000.0,336.92301181424017,teacher policy
871,1305000.0,318.9678337758006,teacher policy
872,1308000.0,333.68916644611943,teacher policy
873,1308000.0,320.5620873297768,teacher policy
874,1311000.0,335.1223276972751,teacher policy
875,1311000.0,322.03635339568126,teacher policy
876,1314000.0,336.41328751539993,teacher policy
877,1314000.0,318.0120997927334,teacher policy
878,1317000.0,337.64228372798254,teacher policy
879,1317000.0,319.76703174707404,teacher policy
880,1320000.0,339.1225398600635,teacher policy
881,1320000.0,321.73488203010135,teacher policy
882,1323000.0,340.4441363040732,teacher policy
883,1323000.0,323.6967059959446,teacher policy
884,1326000.0,341.69010648326514,teacher policy
885,1326000.0,325.53773281352574,teacher policy
886,1329000.0,343.085661043053,teacher policy
887,1329000.0,321.1478998739453,teacher policy
888,1332000.0,338.55030490074415,teacher policy
889,1332000.0,323.2020665102554,teacher policy
890,1335000.0,335.05483118187965,teacher policy
891,1335000.0,325.1661941253628,teacher policy
892,1338000.0,336.5032163697655,teacher policy
893,1338000.0,326.8375992467617,teacher policy
894,1341000.0,338.0242073402217,teacher policy
895,1341000.0,323.742382601182,teacher policy
896,1344000.0,339.38319768072193,teacher policy
897,1344000.0,319.55444235501164,teacher policy
898,1347000.0,335.55095677703423,teacher policy
899,1347000.0,321.3165474776379,teacher policy
900,1350000.0,332.18616917835874,teacher policy
901,1350000.0,323.06257370581955,teacher policy
902,1353000.0,333.2772871033853,teacher policy
903,1353000.0,324.40766866725,teacher policy
904,1356000.0,329.1291442772722,teacher policy
905,1356000.0,319.87870526678245,teacher policy
906,1359000.0,330.74680614270335,teacher policy
907,1359000.0,321.67942461847804,teacher policy
908,1362000.0,324.4056993655524,teacher policy
909,1362000.0,317.004893743296,teacher policy
910,1365000.0,325.84620781476474,teacher policy
911,1365000.0,312.22507212880606,teacher policy
912,1368000.0,327.2844124426491,teacher policy
913,1368000.0,313.6451495436518,teacher policy
914,1371000.0,328.9115128900852,teacher policy
915,1371000.0,307.8576426709429,teacher policy
916,1374000.0,325.6217172331136,teacher policy
917,1374000.0,305.1264097699166,teacher policy
918,1377000.0,323.126229452172,teacher policy
919,1377000.0,307.26914280498704,teacher policy
920,1380000.0,324.73778933578484,teacher policy
921,1380000.0,309.1624122926373,teacher policy
922,1383000.0,326.2500977580535,teacher policy
923,1383000.0,305.4508886332714,teacher policy
924,1386000.0,327.8193951192987,teacher policy
925,1386000.0,307.4299903674419,teacher policy
926,1389000.0,329.37591859386583,teacher policy
927,1389000.0,309.21018694681186,teacher policy
928,1392000.0,331.0427807151526,teacher policy
929,1392000.0,305.2535906869711,teacher policy
930,1395000.0,332.49999028639644,teacher policy
931,1395000.0,307.10710041620047,teacher policy
932,1398000.0,333.94907251191853,teacher policy
933,1398000.0,301.31402563810104,teacher policy
934,1401000.0,335.1971863985942,teacher policy
935,1401000.0,303.33861853842495,teacher policy
936,1404000.0,336.47607165011453,teacher policy
937,1404000.0,305.4302476569143,teacher policy
938,1407000.0,337.8145665745341,teacher policy
939,1407000.0,307.3963772008463,teacher policy
940,1410000.0,338.94327036023094,teacher policy
941,1410000.0,301.96192408309895,teacher policy
942,1413000.0,340.31101689150285,teacher policy
943,1413000.0,299.26480275841936,teacher policy
944,1416000.0,341.6123258505478,teacher policy
945,1416000.0,301.20089159094624,teacher policy
946,1419000.0,342.93181944584154,teacher policy
947,1419000.0,303.1132641399867,teacher policy
948,1422000.0,344.08165351590907,teacher policy
949,1422000.0,305.09280610816353,teacher policy
950,1425000.0,344.7886209094581,teacher policy
951,1425000.0,307.30209134342215,teacher policy
952,1428000.0,338.12822095830995,teacher policy
953,1428000.0,303.5123652437876,teacher policy
954,1431000.0,331.63450877303046,teacher policy
955,1431000.0,300.4116004370808,teacher policy
956,1434000.0,333.1173813417105,teacher policy
957,1434000.0,296.44354285060325,teacher policy
958,1437000.0,334.37274855862626,teacher policy
959,1437000.0,298.72009496722404,teacher policy
960,1440000.0,329.59745861888683,teacher policy
961,1440000.0,300.7249282973717,teacher policy
962,1443000.0,326.83826579416535,teacher policy
963,1443000.0,295.50566456418795,teacher policy
964,1446000.0,328.4719796042586,teacher policy
965,1446000.0,297.7330030551307,teacher policy
966,1449000.0,329.93540622311093,teacher policy
967,1449000.0,299.7690961678562,teacher policy
968,1452000.0,331.3669751982581,teacher policy
969,1452000.0,301.8425667835616,teacher policy
970,1455000.0,332.7037024667539,teacher policy
971,1455000.0,303.7902949156638,teacher policy
972,1458000.0,333.99894909612976,teacher policy
973,1458000.0,300.26957667909375,teacher policy
974,1461000.0,335.4991696991681,teacher policy
975,1461000.0,302.1705718642619,teacher policy
976,1464000.0,336.8774107924894,teacher policy
977,1464000.0,299.4669584006095,teacher policy
978,1467000.0,338.0746312533974,teacher policy
979,1467000.0,301.43526205486296,teacher policy
980,1470000.0,339.2259700492279,teacher policy
981,1470000.0,303.76605937724224,teacher policy
982,1473000.0,334.8508496045422,teacher policy
983,1473000.0,305.793551300049,teacher policy
984,1476000.0,336.0540877394045,teacher policy
985,1476000.0,308.1659871588136,teacher policy
986,1479000.0,337.45441833813203,teacher policy
987,1479000.0,305.9221669273561,teacher policy
988,1482000.0,330.9183782196604,teacher policy
989,1482000.0,307.9293186815824,teacher policy
990,1485000.0,332.4707436874937,teacher policy
991,1485000.0,305.2501025777262,teacher policy
992,1488000.0,334.09920601100947,teacher policy
993,1488000.0,307.27731244023414,teacher policy
994,1491000.0,335.5850685704768,teacher policy
995,1491000.0,305.21047392458377,teacher policy
996,1494000.0,336.78159107602033,teacher policy
997,1494000.0,307.1864255789046,teacher policy
998,1497000.0,330.8562661850419,teacher policy
999,1497000.0,304.6219698334398,teacher policy
1000,1500000.0,332.16989708692694,teacher policy
1001,1500000.0,300.58815909601935,teacher policy
1002,1503000.0,333.5733253170634,teacher policy
1003,1503000.0,302.5240417881224,teacher policy
1004,1506000.0,334.77312651091745,teacher policy
1005,1506000.0,304.77457169454743,teacher policy
1006,1509000.0,336.27437662718347,teacher policy
1007,1509000.0,307.0197925409299,teacher policy
1008,1512000.0,337.7288121903429,teacher policy
1009,1512000.0,302.93282626030935,teacher policy
1010,1515000.0,331.2630831450224,teacher policy
1011,1515000.0,305.2582523767048,teacher policy
1012,1518000.0,332.6628550514579,teacher policy
1013,1518000.0,307.41690629889723,teacher policy
1014,1521000.0,334.0450569348037,teacher policy
1015,1521000.0,304.9894190029974,teacher policy
1016,1524000.0,335.3432573586077,teacher policy
1017,1524000.0,306.95733753211715,teacher policy
1018,1527000.0,331.42604507398437,teacher policy
1019,1527000.0,302.07712625205585,teacher policy
1020,1530000.0,327.2899321620066,teacher policy
1021,1530000.0,304.19351158346007,teacher policy
1022,1533000.0,328.78737448556336,teacher policy
1023,1533000.0,306.05441796311896,teacher policy
1024,1536000.0,330.1680716980005,teacher policy
1025,1536000.0,301.9167119278369,teacher policy
1026,1539000.0,331.61787554724367,teacher policy
1027,1539000.0,298.4876576651713,teacher policy
1028,1542000.0,333.14483383219726,teacher policy
1029,1542000.0,300.4084635938991,teacher policy
1030,1545000.0,334.63326528055336,teacher policy
1031,1545000.0,302.56111402416957,teacher policy
1032,1548000.0,336.08494323666105,teacher policy
1033,1548000.0,299.92492989065886,teacher policy
1034,1551000.0,337.24838231138096,teacher policy
1035,1551000.0,301.90221681530664,teacher policy
1036,1554000.0,338.71430028527055,teacher policy
1037,1554000.0,297.83864086994214,teacher policy
1038,1557000.0,340.0972750217527,teacher policy
1039,1557000.0,295.25061027056086,teacher policy
1040,1560000.0,341.3302996140911,teacher policy
1041,1560000.0,297.4127867858528,teacher policy
1042,1563000.0,336.7544168311903,teacher policy
1043,1563000.0,299.95832804720607,teacher policy
1044,1566000.0,337.85461658050406,teacher policy
1045,1566000.0,302.13319713079323,teacher policy
1046,1569000.0,339.05530806237056,teacher policy
1047,1569000.0,298.63362534363387,teacher policy
1048,1572000.0,340.06523034350596,teacher policy
1049,1572000.0,300.61438240219087,teacher policy
1050,1575000.0,341.3061077434718,teacher policy
1051,1575000.0,302.86392641918616,teacher policy
1052,1578000.0,342.6462813649695,teacher policy
1053,1578000.0,299.47762803911786,teacher policy
1054,1581000.0,343.7247961673576,teacher policy
1055,1581000.0,295.26620623852835,teacher policy
1056,1584000.0,344.9690136229167,teacher policy
1057,1584000.0,289.7502464326054,teacher policy
1058,1587000.0,340.5274815941717,teacher policy
1059,1587000.0,292.0052134277814,teacher policy
1060,1590000.0,341.8431227581867,teacher policy
1061,1590000.0,293.76170950102266,teacher policy
1062,1593000.0,342.9033849368121,teacher policy
1063,1593000.0,295.81754952975217,teacher policy
1064,1596000.0,344.2840202410055,teacher policy
1065,1596000.0,297.57700908603215,teacher policy
1066,1599000.0,345.48346129614634,teacher policy
1067,1599000.0,299.95359146290525,teacher policy
1068,1602000.0,338.70202052481324,teacher policy
1069,1602000.0,302.1097936814987,teacher policy
1070,1605000.0,332.46214805254937,teacher policy
1071,1605000.0,304.4507368459547,teacher policy
1072,1608000.0,333.83998516962333,teacher policy
1073,1608000.0,306.494533998684,teacher policy
1074,1611000.0,335.19651249259806,teacher policy
1075,1611000.0,308.53320533042904,teacher policy
1076,1614000.0,328.810708768625,teacher policy
1077,1614000.0,310.2169803107345,teacher policy
1078,1617000.0,330.3766656137603,teacher policy
1079,1617000.0,312.04106965959795,teacher policy
1080,1620000.0,326.2057260438557,teacher policy
1081,1620000.0,314.04241745585915,teacher policy
1082,1623000.0,327.776991772002,teacher policy
1083,1623000.0,315.6893565823279,teacher policy
1084,1626000.0,329.3499150713276,teacher policy
1085,1626000.0,317.26706176025164,teacher policy
1086,1629000.0,330.61299245349477,teacher policy
1087,1629000.0,318.3017888844216,teacher policy
1088,1632000.0,332.2523982538389,teacher policy
1089,1632000.0,320.0973076721629,teacher policy
1090,1635000.0,333.7293668903246,teacher policy
1091,1635000.0,321.7902949903994,teacher policy
1092,1638000.0,335.1346971550572,teacher policy
1093,1638000.0,323.4623345495758,teacher policy
1094,1641000.0,336.7505170059014,teacher policy
1095,1641000.0,325.4015204757718,teacher policy
1096,1644000.0,332.4549223304562,teacher policy
1097,1644000.0,327.01384956332663,teacher policy
1098,1647000.0,333.59045217974557,teacher policy
1099,1647000.0,328.56590960819295,teacher policy
1100,1650000.0,334.9890435267757,teacher policy
1101,1650000.0,322.48479344239627,teacher policy
1102,1653000.0,328.8795260229394,teacher policy
1103,1653000.0,323.9638414700327,teacher policy
1104,1656000.0,330.38791816849624,teacher policy
1105,1656000.0,320.7959574628977,teacher policy
1106,1659000.0,331.8288133695794,teacher policy
1107,1659000.0,322.4933189532882,teacher policy
1108,1662000.0,325.77240754286163,teacher policy
1109,1662000.0,324.18531475683966,teacher policy
1110,1665000.0,327.18026688712155,teacher policy
1111,1665000.0,318.50522548135615,teacher policy
1112,1668000.0,328.7387202651994,teacher policy
1113,1668000.0,315.88733731084034,teacher policy
1114,1671000.0,324.5295619716508,teacher policy
1115,1671000.0,317.80843638981884,teacher policy
1116,1674000.0,320.5435234208164,teacher policy
1117,1674000.0,319.63423055264747,teacher policy
1118,1677000.0,321.90893896314225,teacher policy
1119,1677000.0,321.3016332218679,teacher policy
1120,1680000.0,317.7682953935352,teacher policy
1121,1680000.0,323.1901623250087,teacher policy
1122,1683000.0,319.34712138019574,teacher policy
1123,1683000.0,319.83612752638453,teacher policy
1124,1686000.0,321.126650510209,teacher policy
1125,1686000.0,321.3466083449975,teacher policy
1126,1689000.0,322.7534863964892,teacher policy
1127,1689000.0,317.54706005871276,teacher policy
1128,1692000.0,324.52221183457505,teacher policy
1129,1692000.0,313.65652268139104,teacher policy
1130,1695000.0,325.9773858840163,teacher policy
1131,1695000.0,315.4722209631148,teacher policy
1132,1698000.0,327.6273144846954,teacher policy
1133,1698000.0,316.9501477596728,teacher policy
1134,1701000.0,329.20580823406397,teacher policy
1135,1701000.0,318.6119779343622,teacher policy
1136,1704000.0,330.6869386514139,teacher policy
1137,1704000.0,320.4206947965734,teacher policy
1138,1707000.0,332.0456193119794,teacher policy
1139,1707000.0,321.87209230200915,teacher policy
1140,1710000.0,333.6362236493726,teacher policy
1141,1710000.0,318.1210155835324,teacher policy
1142,1713000.0,334.9425439761898,teacher policy
1143,1713000.0,319.61591704920556,teacher policy
1144,1716000.0,336.35721055272074,teacher policy
1145,1716000.0,321.25795112521365,teacher policy
1146,1719000.0,337.6605894129554,teacher policy
1147,1719000.0,323.04745640935005,teacher policy
1148,1722000.0,339.0123904420791,teacher policy
1149,1722000.0,324.98276338467866,teacher policy
1150,1725000.0,335.79755874041524,teacher policy
1151,1725000.0,321.67398946464135,teacher policy
1152,1728000.0,331.6026098391665,teacher policy
1153,1728000.0,323.52697879155943,teacher policy
1154,1731000.0,333.0694742683598,teacher policy
1155,1731000.0,325.4796759100642,teacher policy
1156,1734000.0,334.53828375760196,teacher policy
1157,1734000.0,322.08291282094007,teacher policy
1158,1737000.0,336.012757950614,teacher policy
1159,1737000.0,324.1485537588572,teacher policy
1160,1740000.0,337.150928694922,teacher policy
1161,1740000.0,325.4740189629769,teacher policy
1162,1743000.0,333.86337765032044,teacher policy
1163,1743000.0,327.46197388645174,teacher policy
1164,1746000.0,335.0936070455562,teacher policy
1165,1746000.0,329.22458682571494,teacher policy
1166,1749000.0,332.51520719468414,teacher policy
1167,1749000.0,330.9670884974038,teacher policy
1168,1752000.0,333.9698945058686,teacher policy
1169,1752000.0,332.838848412026,teacher policy
1170,1755000.0,335.29882120071215,teacher policy
1171,1755000.0,334.4030864584339,teacher policy
1172,1758000.0,336.74299248177607,teacher policy
1173,1758000.0,335.60689179469495,teacher policy
1174,1761000.0,338.16379608428895,teacher policy
1175,1761000.0,337.037326590637,teacher policy
1176,1764000.0,339.6024598598688,teacher policy
1177,1764000.0,338.55283005882427,teacher policy
1178,1767000.0,340.8430394468511,teacher policy
1179,1767000.0,339.9018039752259,teacher policy
1180,1770000.0,342.09974921455466,teacher policy
1181,1770000.0,341.28567768576045,teacher policy
1182,1773000.0,337.6679497716454,teacher policy
1183,1773000.0,342.65639296505304,teacher policy
1184,1776000.0,338.97248018050936,teacher policy
1185,1776000.0,343.9055319514551,teacher policy
1186,1779000.0,340.3159614851023,teacher policy
1187,1779000.0,339.71219914445726,teacher policy
1188,1782000.0,341.6428612495409,teacher policy
1189,1782000.0,340.53623763227125,teacher policy
1190,1785000.0,335.06786520008717,teacher policy
1191,1785000.0,342.19560321165704,teacher policy
1192,1788000.0,331.6170759045083,teacher policy
1193,1788000.0,343.83565171871294,teacher policy
1194,1791000.0,333.0203429069259,teacher policy
1195,1791000.0,344.86556954371366,teacher policy
1196,1794000.0,334.5409016249593,teacher policy
1197,1794000.0,345.9659662827222,teacher policy
1198,1797000.0,336.0578484850383,teacher policy
1199,1797000.0,342.40533546414787,teacher policy
1200,1800000.0,337.33923362959536,teacher policy
1201,1800000.0,343.53431371580245,teacher policy
1202,1803000.0,338.6489864325894,teacher policy
1203,1803000.0,345.1100306397286,teacher policy
1204,1806000.0,339.9596059471017,teacher policy
1205,1806000.0,346.2002207740044,teacher policy
1206,1809000.0,336.6853825476421,teacher policy
1207,1809000.0,347.50256584582894,teacher policy
1208,1812000.0,337.89049203536115,teacher policy
1209,1812000.0,348.7821281763733,teacher policy
1210,1815000.0,334.97639145368714,teacher policy
1211,1815000.0,350.07614869878336,teacher policy
1212,1818000.0,336.40346274570715,teacher policy
1213,1818000.0,345.69580709840386,teacher policy
1214,1821000.0,337.9422550630586,teacher policy
1215,1821000.0,346.7203925433499,teacher policy
1216,1824000.0,331.3016347542779,teacher policy
1217,1824000.0,347.76775654306886,teacher policy
1218,1827000.0,332.61251368028616,teacher policy
1219,1827000.0,348.7969399864262,teacher policy
1220,1830000.0,333.96763645355543,teacher policy
1221,1830000.0,349.9260390284946,teacher policy
1222,1833000.0,335.2387311121796,teacher policy
1223,1833000.0,345.15842656549063,teacher policy
1224,1836000.0,336.5803242877876,teacher policy
1225,1836000.0,346.3958287128918,teacher policy
1226,1839000.0,337.936414335235,teacher policy
1227,1839000.0,347.72061050289176,teacher policy
1228,1842000.0,333.6512612209546,teacher policy
1229,1842000.0,349.1813179217402,teacher policy
1230,1845000.0,335.2173796732933,teacher policy
1231,1845000.0,345.45108046406216,teacher policy
1232,1848000.0,336.6206059323665,teacher policy
1233,1848000.0,346.9476386887653,teacher policy
1234,1851000.0,338.0697001613754,teacher policy
1235,1851000.0,348.03953430366187,teacher policy
1236,1854000.0,339.37396777924164,teacher policy
1237,1854000.0,349.1803860736433,teacher policy
1238,1857000.0,340.63613503010214,teacher policy
1239,1857000.0,350.4380533765845,teacher policy
1240,1860000.0,337.3001580875568,teacher policy
1241,1860000.0,347.1790991327833,teacher policy
1242,1863000.0,330.6960074953857,teacher policy
1243,1863000.0,348.3226430046198,teacher policy
1244,1866000.0,331.9630040935249,teacher policy
1245,1866000.0,349.63436397265247,teacher policy
1246,1869000.0,333.2525635917325,teacher policy
1247,1869000.0,350.5801416590198,teacher policy
1248,1872000.0,334.6862641509525,teacher policy
1249,1872000.0,351.7619177320894,teacher policy
1250,1875000.0,330.4039171943495,teacher policy
1251,1875000.0,347.6812684582581,teacher policy
1252,1878000.0,324.0812526688219,teacher policy
1253,1878000.0,349.1353121564757,teacher policy
1254,1881000.0,325.83439995431263,teacher policy
1255,1881000.0,350.3769595510415,teacher policy
1256,1884000.0,327.0218873702654,teacher policy
1257,1884000.0,351.41104877798944,teacher policy
1258,1887000.0,328.5830340955164,teacher policy
1259,1887000.0,348.04030949188274,teacher policy
1260,1890000.0,322.7150948796705,teacher policy
1261,1890000.0,349.05980237431066,teacher policy
1262,1893000.0,324.1914985484833,teacher policy
1263,1893000.0,350.2874906041682,teacher policy
1264,1896000.0,325.9183564437246,teacher policy
1265,1896000.0,351.1816852500927,teacher policy
1266,1899000.0,327.5969876058657,teacher policy
1267,1899000.0,347.9782100839092,teacher policy
1268,1902000.0,321.1687066061898,teacher policy
1269,1902000.0,343.1307389112532,teacher policy
1270,1905000.0,316.2951997607481,teacher policy
1271,1905000.0,344.4057199582235,teacher policy
1272,1908000.0,318.1657252088925,teacher policy
1273,1908000.0,345.7515887133559,teacher policy
1274,1911000.0,319.9335343619412,teacher policy
1275,1911000.0,347.0176909722919,teacher policy
1276,1914000.0,313.6594522977492,teacher policy
1277,1914000.0,347.9777991889789,teacher policy
1278,1917000.0,310.21012654830304,teacher policy
1279,1917000.0,342.8934808894492,teacher policy
1280,1920000.0,304.825382711795,teacher policy
1281,1920000.0,344.2795706222462,teacher policy
1282,1923000.0,306.70244378314504,teacher policy
1283,1923000.0,339.71406641378076,teacher policy
1284,1926000.0,308.7467286477165,teacher policy
1285,1926000.0,340.8476000269114,teacher policy
1286,1929000.0,310.48320398687156,teacher policy
1287,1929000.0,342.3551829384825,teacher policy
1288,1932000.0,307.2709349266654,teacher policy
1289,1932000.0,343.4313879955332,teacher policy
1290,1935000.0,309.24188036387426,teacher policy
1291,1935000.0,338.2183840149194,teacher policy
1292,1938000.0,311.2976103835499,teacher policy
1293,1938000.0,334.83163642129097,teacher policy
1294,1941000.0,313.1027079805664,teacher policy
1295,1941000.0,336.06859072899795,teacher policy
1296,1944000.0,314.85397718521284,teacher policy
1297,1944000.0,337.73298124351953,teacher policy
1298,1947000.0,316.5335211766648,teacher policy
1299,1947000.0,339.0159967895476,teacher policy
1300,1950000.0,318.1375229943424,teacher policy
1301,1950000.0,340.46468686352233,teacher policy
1302,1953000.0,312.00402851590087,teacher policy
1303,1953000.0,342.13431890750184,teacher policy
1304,1956000.0,313.89670673464536,teacher policy
1305,1956000.0,343.19643172368774,teacher policy
1306,1959000.0,315.7202014329603,teacher policy
1307,1959000.0,339.53415798118175,teacher policy
1308,1962000.0,317.59653531934015,teacher policy
1309,1962000.0,340.6283356614019,teacher policy
1310,1965000.0,314.4270689836809,teacher policy
1311,1965000.0,341.9947789579395,teacher policy
1312,1968000.0,310.6349536141391,teacher policy
1313,1968000.0,343.3195824754604,teacher policy
1314,1971000.0,312.45274404380945,teacher policy
1315,1971000.0,344.55705984450583,teacher policy
1316,1974000.0,308.91346424838247,teacher policy
1317,1974000.0,341.7635018080161,teacher policy
1318,1977000.0,310.78438563724296,teacher policy
1319,1977000.0,343.09834895935575,teacher policy
1320,1980000.0,308.07035151946883,teacher policy
1321,1980000.0,344.21677504657487,teacher policy
1322,1983000.0,309.9945279851732,teacher policy
1323,1983000.0,345.4227337350965,teacher policy
1324,1986000.0,311.8156506090635,teacher policy
1325,1986000.0,346.70124317172264,teacher policy
1326,1989000.0,313.7268217277416,teacher policy
1327,1989000.0,343.12654341204797,teacher policy
1328,1992000.0,315.32090528830395,teacher policy
1329,1992000.0,344.3309327098226,teacher policy
1330,1995000.0,316.8259227294129,teacher policy
1331,1995000.0,345.485924163048,teacher policy
1332,1998000.0,312.9124907463823,teacher policy
1333,1998000.0,346.6585469883808,teacher policy
1334,2001000.0,314.70294088262654,teacher policy
1335,2001000.0,347.74566474490223,teacher policy
1336,2004000.0,316.54477195755214,teacher policy
1337,2004000.0,348.9420954441448,teacher policy
1338,2007000.0,310.3656892625417,teacher policy
1339,2007000.0,350.40455907725413,teacher policy
1340,2010000.0,306.7898053402669,teacher policy
1341,2010000.0,351.53577819844344,teacher policy
1342,2013000.0,304.12896925543424,teacher policy
1343,2013000.0,352.6150571413105,teacher policy
1344,2016000.0,300.57864027468344,teacher policy
1345,2016000.0,353.7104836596171,teacher policy
1346,2019000.0,302.5045668588382,teacher policy
1347,2019000.0,348.63342371287524,teacher policy
1348,2022000.0,304.3657047697083,teacher policy
1349,2022000.0,350.0237758685006,teacher policy
1350,2025000.0,300.72185449572527,teacher policy
1351,2025000.0,345.1525074663039,teacher policy
1352,2028000.0,298.48688685771504,teacher policy
1353,2028000.0,346.76973258553255,teacher policy
1354,2031000.0,295.4345965540324,teacher policy
1355,2031000.0,348.2665608342125,teacher policy
1356,2034000.0,292.6987518366969,teacher policy
1357,2034000.0,349.7650223421376,teacher policy
1358,2037000.0,294.757409246252,teacher policy
1359,2037000.0,351.1905098591621,teacher policy
1360,2040000.0,297.0844979998035,teacher policy
1361,2040000.0,352.14327803111945,teacher policy
1362,2043000.0,299.1039677077761,teacher policy
1363,2043000.0,353.29754015604396,teacher policy
1364,2046000.0,301.1310924551831,teacher policy
1365,2046000.0,354.32016784413406,teacher policy
1366,2049000.0,303.1662562506107,teacher policy
1367,2049000.0,355.38840010736857,teacher policy
1368,2052000.0,305.0367507056766,teacher policy
1369,2052000.0,356.27102944408836,teacher policy
1370,2055000.0,306.756586370274,teacher policy
1371,2055000.0,357.3245572194644,teacher policy
1372,2058000.0,304.00838732109116,teacher policy
1373,2058000.0,358.3767904403095,teacher policy
1374,2061000.0,301.9752604377065,teacher policy
1375,2061000.0,359.1188176197846,teacher policy
1376,2064000.0,303.8523317670383,teacher policy
1377,2064000.0,359.9480806716858,teacher policy
1378,2067000.0,305.90728281236164,teacher policy
1379,2067000.0,354.8262257343537,teacher policy
1380,2070000.0,307.75280231724724,teacher policy
1381,2070000.0,356.00241911517446,teacher policy
1382,2073000.0,303.82854529739154,teacher policy
1383,2073000.0,356.95072583541,teacher policy
1384,2076000.0,305.6574779314828,teacher policy
1385,2076000.0,357.6972704007331,teacher policy
1386,2079000.0,302.66408835210115,teacher policy
1387,2079000.0,358.58142924076526,teacher policy
1388,2082000.0,304.41053619931694,teacher policy
1389,2082000.0,359.35968713055934,teacher policy
1390,2085000.0,301.2274636436656,teacher policy
1391,2085000.0,360.1912061565028,teacher policy
1392,2088000.0,303.1601714508704,teacher policy
1393,2088000.0,356.6473211508044,teacher policy
1394,2091000.0,305.22624475525146,teacher policy
1395,2091000.0,357.7842441125539,teacher policy
1396,2094000.0,307.3044792595605,teacher policy
1397,2094000.0,358.90432339045907,teacher policy
1398,2097000.0,309.23219216460365,teacher policy
1399,2097000.0,359.7063187097593,teacher policy
1400,2100000.0,304.7108613477398,teacher policy
1401,2100000.0,360.69723017736095,teacher policy
1402,2103000.0,306.4627036910975,teacher policy
1403,2103000.0,361.9905444849465,teacher policy
1404,2106000.0,300.78955694759776,teacher policy
1405,2106000.0,362.8983648208335,teacher policy
1406,2109000.0,302.9886474004427,teacher policy
1407,2109000.0,363.5821211572293,teacher policy
1408,2112000.0,304.7805986955979,teacher policy
1409,2112000.0,364.4135231676785,teacher policy
1410,2115000.0,298.822626187018,teacher policy
1411,2115000.0,365.63744264573114,teacher policy
1412,2118000.0,295.884603686471,teacher policy
1413,2118000.0,361.19082485055577,teacher policy
1414,2121000.0,298.1608874428197,teacher policy
1415,2121000.0,356.39428095944066,teacher policy
1416,2124000.0,293.8512907571958,teacher policy
1417,2124000.0,353.00815666227334,teacher policy
1418,2127000.0,296.11356914127066,teacher policy
1419,2127000.0,354.2534757067623,teacher policy
1420,2130000.0,298.37872878871866,teacher policy
1421,2130000.0,355.3855833166505,teacher policy
1422,2133000.0,300.57867252349115,teacher policy
1423,2133000.0,356.4198674999269,teacher policy
1424,2136000.0,302.52860786208385,teacher policy
1425,2136000.0,353.3853431357682,teacher policy
1426,2139000.0,296.84723355030115,teacher policy
1427,2139000.0,354.4335048033263,teacher policy
1428,2142000.0,294.1656095427473,teacher policy
1429,2142000.0,355.5235895900722,teacher policy
1430,2145000.0,290.62183893972195,teacher policy
1431,2145000.0,356.84379101604424,teacher policy
1432,2148000.0,288.02970840482396,teacher policy
1433,2148000.0,357.96095938517647,teacher policy
1434,2151000.0,290.43047776211813,teacher policy
1435,2151000.0,358.804630822473,teacher policy
1436,2154000.0,292.74474174203203,teacher policy
1437,2154000.0,355.5529876689141,teacher policy
1438,2157000.0,295.08626048141014,teacher policy
1439,2157000.0,356.9862431010827,teacher policy
1440,2160000.0,297.2343601008835,teacher policy
1441,2160000.0,352.15236651329207,teacher policy
1442,2163000.0,299.07025395355333,teacher policy
1443,2163000.0,353.3204318539247,teacher policy
1444,2166000.0,301.17923339596666,teacher policy
1445,2166000.0,354.58856057036184,teacher policy
1446,2169000.0,303.2465325171098,teacher policy
1447,2169000.0,355.75077312360304,teacher policy
1448,2172000.0,299.6117948141553,teacher policy
1449,2172000.0,356.6268996289044,teacher policy
1450,2175000.0,301.61528218447376,teacher policy
1451,2175000.0,357.7049500152326,teacher policy
1452,2178000.0,303.4547386257452,teacher policy
1453,2178000.0,358.6834138811389,teacher policy
1454,2181000.0,305.13245781807404,teacher policy
1455,2181000.0,354.26557606311087,teacher policy
1456,2184000.0,307.0473165962829,teacher policy
1457,2184000.0,355.3276925203643,teacher policy
1458,2187000.0,308.97446108466977,teacher policy
1459,2187000.0,356.1888016338242,teacher policy
1460,2190000.0,303.16615945452907,teacher policy
1461,2190000.0,351.4075857207766,teacher policy
1462,2193000.0,305.2043889998135,teacher policy
1463,2193000.0,352.8025779272595,teacher policy
1464,2196000.0,301.87755143344026,teacher policy
1465,2196000.0,349.0809721694955,teacher policy
1466,2199000.0,296.60639170115815,teacher policy
1467,2199000.0,350.1634664956369,teacher policy
1468,2202000.0,298.52979853510374,teacher policy
1469,2202000.0,351.1988946754898,teacher policy
1470,2205000.0,300.79780302826885,teacher policy
1471,2205000.0,352.49696817358154,teacher policy
1472,2208000.0,303.0045642528597,teacher policy
1473,2208000.0,353.7242730728052,teacher policy
1474,2211000.0,304.9197390810838,teacher policy
1475,2211000.0,350.80797196803854,teacher policy
1476,2214000.0,306.8946627809074,teacher policy
1477,2214000.0,352.24591042906843,teacher policy
1478,2217000.0,308.768407708883,teacher policy
1479,2217000.0,347.74532213076543,teacher policy
1480,2220000.0,310.6811438027522,teacher policy
1481,2220000.0,349.0959112936189,teacher policy
1482,2223000.0,312.56714678118936,teacher policy
1483,2223000.0,345.82606917858635,teacher policy
1484,2226000.0,314.30075562779217,teacher policy
1485,2226000.0,346.9235230147412,teacher policy
1486,2229000.0,315.98266470957225,teacher policy
1487,2229000.0,342.29987293942565,teacher policy
1488,2232000.0,312.27179124631346,teacher policy
1489,2232000.0,343.8080472335668,teacher policy
1490,2235000.0,314.1368803237309,teacher policy
1491,2235000.0,337.41999175764545,teacher policy
1492,2238000.0,315.9632638110063,teacher policy
1493,2238000.0,338.7887611119457,teacher policy
1494,2241000.0,317.68732311974713,teacher policy
1495,2241000.0,335.33574238995095,teacher policy
1496,2244000.0,319.32455627161,teacher policy
1497,2244000.0,336.6811125030894,teacher policy
1498,2247000.0,320.8724206149278,teacher policy
1499,2247000.0,332.3549463458621,teacher policy
1500,2250000.0,322.6568386577074,teacher policy
1501,2250000.0,328.58256444470175,teacher policy
1502,2253000.0,324.3275184128736,teacher policy
1503,2253000.0,324.15315879179406,teacher policy
1504,2256000.0,318.07872027239927,teacher policy
1505,2256000.0,321.4172455793371,teacher policy
1506,2259000.0,319.57593248804505,teacher policy
1507,2259000.0,323.01906851443005,teacher policy
1508,2262000.0,321.0660709427764,teacher policy
1509,2262000.0,324.91675538144614,teacher policy
1510,2265000.0,322.7589444702099,teacher policy
1511,2265000.0,326.7171324320204,teacher policy
1512,2268000.0,324.4375454880323,teacher policy
1513,2268000.0,328.33512681951277,teacher policy
1514,2271000.0,321.2408276593263,teacher policy
1515,2271000.0,330.05032186613033,teacher policy
1516,2274000.0,322.77384740985076,teacher policy
1517,2274000.0,331.3688308096671,teacher policy
1518,2277000.0,324.27574350852876,teacher policy
1519,2277000.0,328.0360731815108,teacher policy
1520,2280000.0,320.78184927434455,teacher policy
1521,2280000.0,329.54154983799776,teacher policy
1522,2283000.0,314.6687002344143,teacher policy
1523,2283000.0,331.2501542660425,teacher policy
1524,2286000.0,311.5696228758442,teacher policy
1525,2286000.0,332.7340598721279,teacher policy
1526,2289000.0,305.616262339714,teacher policy
1527,2289000.0,329.0528178531521,teacher policy
1528,2292000.0,307.4722543536619,teacher policy
1529,2292000.0,325.88266588451677,teacher policy
1530,2295000.0,309.254897279284,teacher policy
1531,2295000.0,322.478032128594,teacher policy
1532,2298000.0,311.010465227253,teacher policy
1533,2298000.0,324.4243345231315,teacher policy
1534,2301000.0,312.76663958970016,teacher policy
1535,2301000.0,320.23492751788007,teacher policy
1536,2304000.0,309.50761867229585,teacher policy
1537,2304000.0,322.0128302858819,teacher policy
1538,2307000.0,305.72429517916,teacher policy
1539,2307000.0,323.8857102768439,teacher policy
1540,2310000.0,299.89255707831114,teacher policy
1541,2310000.0,325.63191330763516,teacher policy
1542,2313000.0,301.8945808146746,teacher policy
1543,2313000.0,321.3230554255462,teacher policy
1544,2316000.0,304.00940160072486,teacher policy
1545,2316000.0,323.27640815980874,teacher policy
1546,2319000.0,306.11401886656193,teacher policy
1547,2319000.0,320.3668472512513,teacher policy
1548,2322000.0,308.1058852177463,teacher policy
1549,2322000.0,322.1345774448981,teacher policy
1550,2325000.0,310.0702134362429,teacher policy
1551,2325000.0,318.0249939587443,teacher policy
1552,2328000.0,304.14218059696145,teacher policy
1553,2328000.0,320.09785894773347,teacher policy
1554,2331000.0,306.05101117935817,teacher policy
1555,2331000.0,321.9573129015913,teacher policy
1556,2334000.0,302.228707500876,teacher policy
1557,2334000.0,319.43526091235833,teacher policy
1558,2337000.0,296.55926533938384,teacher policy
1559,2337000.0,315.2835529933055,teacher policy
1560,2340000.0,293.85636761499364,teacher policy
1561,2340000.0,317.16681564925966,teacher policy
1562,2343000.0,296.16958389062347,teacher policy
1563,2343000.0,318.7097018704542,teacher policy
1564,2346000.0,298.3318697030454,teacher policy
1565,2346000.0,320.3974518027717,teacher policy
1566,2349000.0,300.3944382416017,teacher policy
1567,2349000.0,322.40591145812255,teacher policy
1568,2352000.0,294.6564322892696,teacher policy
1569,2352000.0,323.9270968178273,teacher policy
1570,2355000.0,291.74175380827916,teacher policy
1571,2355000.0,325.6961403306895,teacher policy
1572,2358000.0,293.94415628094174,teacher policy
1573,2358000.0,327.4746931100132,teacher policy
1574,2361000.0,296.173686851612,teacher policy
1575,2361000.0,329.078373075938,teacher policy
1576,2364000.0,293.53723475154266,teacher policy
1577,2364000.0,330.8817323722317,teacher policy
1578,2367000.0,295.49603961705867,teacher policy
1579,2367000.0,327.0352745588935,teacher policy
1580,2370000.0,297.6492328383894,teacher policy
1581,2370000.0,321.82114972567456,teacher policy
1582,2373000.0,299.7745221074029,teacher policy
1583,2373000.0,323.5315907448329,teacher policy
1584,2376000.0,301.98963042013764,teacher policy
1585,2376000.0,320.07246131030735,teacher policy
1586,2379000.0,299.33539048507475,teacher policy
1587,2379000.0,321.8493470450387,teacher policy
1588,2382000.0,301.427561459553,teacher policy
1589,2382000.0,323.79462023597387,teacher policy
1590,2385000.0,303.4800325692291,teacher policy
1591,2385000.0,325.5151517814497,teacher policy
1592,2388000.0,305.51756448620387,teacher policy
1593,2388000.0,327.3029780182816,teacher policy
1594,2391000.0,301.7659784171219,teacher policy
1595,2391000.0,328.9741853036191,teacher policy
1596,2394000.0,303.784428990381,teacher policy
1597,2394000.0,330.51968450770295,teacher policy
1598,2397000.0,306.0148274467062,teacher policy
1599,2397000.0,332.37673405485356,teacher policy
1600,2400000.0,307.8646700579283,teacher policy
1601,2400000.0,328.85039001706707,teacher policy
1602,2403000.0,309.8585943081369,teacher policy
1603,2403000.0,330.58405970696015,teacher policy
1604,2406000.0,311.7104275489273,teacher policy
1605,2406000.0,332.0639513887975,teacher policy
1606,2409000.0,308.4369026679927,teacher policy
1607,2409000.0,327.6238073669724,teacher policy
1608,2412000.0,310.1234337796719,teacher policy
1609,2412000.0,325.02470478530677,teacher policy
1610,2415000.0,306.1987765550368,teacher policy
1611,2415000.0,326.8404960899913,teacher policy
1612,2418000.0,307.8447589096782,teacher policy
1613,2418000.0,328.1737624621368,teacher policy
1614,2421000.0,309.4615917588284,teacher policy
1615,2421000.0,329.9706558652378,teacher policy
1616,2424000.0,311.3750515740424,teacher policy
1617,2424000.0,327.13257041516937,teacher policy
1618,2427000.0,313.03008960506156,teacher policy
1619,2427000.0,328.8288197637019,teacher policy
1620,2430000.0,314.8758501176478,teacher policy
1621,2430000.0,330.5187320158888,teacher policy
1622,2433000.0,316.5649767920527,teacher policy
1623,2433000.0,331.93750715584446,teacher policy
1624,2436000.0,318.22448169957096,teacher policy
1625,2436000.0,327.7694732221392,teacher policy
1626,2439000.0,319.9202532960483,teacher policy
1627,2439000.0,329.15661244421983,teacher policy
1628,2442000.0,321.6201874635258,teacher policy
1629,2442000.0,325.488801621727,teacher policy
1630,2445000.0,323.02930959316154,teacher policy
1631,2445000.0,327.0510605014018,teacher policy
1632,2448000.0,319.45615176128365,teacher policy
1633,2448000.0,328.7447170257488,teacher policy
1634,2451000.0,315.54940780015465,teacher policy
1635,2451000.0,330.15014128874947,teacher policy
1636,2454000.0,309.4720292632922,teacher policy
1637,2454000.0,331.6203934678573,teacher policy
1638,2457000.0,311.1889204651357,teacher policy
1639,2457000.0,327.8313136929826,teacher policy
1640,2460000.0,312.94389938005173,teacher policy
1641,2460000.0,329.3162682296698,teacher policy
1642,2463000.0,314.78920107995066,teacher policy
1643,2463000.0,330.96034935921705,teacher policy
1644,2466000.0,316.63137848413294,teacher policy
1645,2466000.0,328.01204676046046,teacher policy
1646,2469000.0,318.2294931019503,teacher policy
1647,2469000.0,329.66998819829814,teacher policy
1648,2472000.0,319.7410018727238,teacher policy
1649,2472000.0,331.50998076831655,teacher policy
1650,2475000.0,316.9912501946443,teacher policy
1651,2475000.0,333.1531106207237,teacher policy
1652,2478000.0,318.6621594436811,teacher policy
1653,2478000.0,334.88456500987166,teacher policy
1654,2481000.0,320.40461327629185,teacher policy
1655,2481000.0,336.5847722692445,teacher policy
1656,2484000.0,322.0542053369379,teacher policy
1657,2484000.0,338.0360156666331,teacher policy
1658,2487000.0,316.0412654562734,teacher policy
1659,2487000.0,339.5333153728317,teacher policy
1660,2490000.0,317.69972725652286,teacher policy
1661,2490000.0,332.83203169476957,teacher policy
1662,2493000.0,314.7870597682771,teacher policy
1663,2493000.0,326.415823800132,teacher policy
1664,2496000.0,316.62242697134906,teacher policy
1665,2496000.0,328.07120788565277,teacher policy
1666,2499000.0,318.2601816789924,teacher policy
1667,2499000.0,329.58860269766626,teacher policy
1668,2502000.0,319.8316467465844,teacher policy
1669,2502000.0,331.38563557535355,teacher policy
1670,2505000.0,321.2655704522777,teacher policy
1671,2505000.0,333.25453114021366,teacher policy
1672,2508000.0,322.8997750344431,teacher policy
1673,2508000.0,334.9864668845969,teacher policy
1674,2511000.0,316.55750051153746,teacher policy
1675,2511000.0,336.2370018291315,teacher policy
1676,2514000.0,318.3267765266973,teacher policy
1677,2514000.0,330.2798547185742,teacher policy
1678,2517000.0,320.1394725635462,teacher policy
1679,2517000.0,332.0647367501793,teacher policy
1680,2520000.0,321.85165747750966,teacher policy
1681,2520000.0,333.6856380600976,teacher policy
1682,2523000.0,318.02765731746143,teacher policy
1683,2523000.0,334.9411336729191,teacher policy
1684,2526000.0,319.6857711632997,teacher policy
1685,2526000.0,331.20161702973417,teacher policy
1686,2529000.0,321.4363727566353,teacher policy
1687,2529000.0,332.93581589031135,teacher policy
1688,2532000.0,318.2728580090221,teacher policy
1689,2532000.0,334.5273785031692,teacher policy
1690,2535000.0,319.6399545597792,teacher policy
1691,2535000.0,335.86668811084013,teacher policy
1692,2538000.0,313.7483032346969,teacher policy
1693,2538000.0,329.41465296312526,teacher policy
1694,2541000.0,315.60218787801074,teacher policy
1695,2541000.0,326.5953030801323,teacher policy
1696,2544000.0,317.3134070599036,teacher policy
1697,2544000.0,328.44051799020934,teacher policy
1698,2547000.0,319.20107385522897,teacher policy
1699,2547000.0,329.863317737827,teacher policy
1700,2550000.0,316.8979814857904,teacher policy
1701,2550000.0,331.3468784094377,teacher policy
1702,2553000.0,318.7120775201371,teacher policy
1703,2553000.0,333.10286259417865,teacher policy
1704,2556000.0,315.74163800220504,teacher policy
1705,2556000.0,334.54598600635757,teacher policy
1706,2559000.0,317.3027464042703,teacher policy
1707,2559000.0,335.9860605489257,teacher policy
1708,2562000.0,319.1175416959114,teacher policy
1709,2562000.0,337.49427268755653,teacher policy
1710,2565000.0,320.8954295094542,teacher policy
1711,2565000.0,331.59115832145187,teacher policy
1712,2568000.0,322.6221144251245,teacher policy
1713,2568000.0,333.14295759154624,teacher policy
1714,2571000.0,324.31597157509856,teacher policy
1715,2571000.0,334.95787370827,teacher policy
1716,2574000.0,325.9196704541435,teacher policy
1717,2574000.0,336.440444139378,teacher policy
1718,2577000.0,327.39259662513876,teacher policy
1719,2577000.0,337.9941157253404,teacher policy
1720,2580000.0,328.8333219631438,teacher policy
1721,2580000.0,339.62022584247427,teacher policy
1722,2583000.0,330.40782312642,teacher policy
1723,2583000.0,341.0369967406638,teacher policy
1724,2586000.0,331.8263609998291,teacher policy
1725,2586000.0,336.3617273487583,teacher policy
1726,2589000.0,333.14876688530126,teacher policy
1727,2589000.0,337.79552185451746,teacher policy
1728,2592000.0,328.9998012521851,teacher policy
1729,2592000.0,339.0505135170365,teacher policy
1730,2595000.0,330.54699638925075,teacher policy
1731,2595000.0,334.8033402217934,teacher policy
1732,2598000.0,331.8166503335361,teacher policy
1733,2598000.0,336.5111338909904,teacher policy
1734,2601000.0,333.242813664756,teacher policy
1735,2601000.0,337.73252376199866,teacher policy
1736,2604000.0,326.81295144053314,teacher policy
1737,2604000.0,339.26217321351646,teacher policy
1738,2607000.0,328.3293669722694,teacher policy
1739,2607000.0,340.62761517405085,teacher policy
1740,2610000.0,321.88656182886893,teacher policy
1741,2610000.0,342.35403076607764,teacher policy
1742,2613000.0,319.41181170191066,teacher policy
1743,2613000.0,338.8412844097893,teacher policy
1744,2616000.0,320.9558056924818,teacher policy
1745,2616000.0,340.4438831600701,teacher policy
1746,2619000.0,322.6992377964056,teacher policy
1747,2619000.0,341.69348694218115,teacher policy
1748,2622000.0,323.9123752328603,teacher policy
1749,2622000.0,343.06445057736096,teacher policy
1750,2625000.0,325.51620048210935,teacher policy
1751,2625000.0,344.2861895199153,teacher policy
1752,2628000.0,322.09284256743786,teacher policy
1753,2628000.0,345.54344912795455,teacher policy
1754,2631000.0,316.3782422621096,teacher policy
1755,2631000.0,346.60744037488763,teacher policy
1756,2634000.0,317.9971501951877,teacher policy
1757,2634000.0,348.151767397468,teacher policy
1758,2637000.0,311.78108628063944,teacher policy
1759,2637000.0,349.7029599547921,teacher policy
1760,2640000.0,307.91064392209205,teacher policy
1761,2640000.0,350.80186889534474,teacher policy
1762,2643000.0,309.64684449579863,teacher policy
1763,2643000.0,352.34336386607066,teacher policy
1764,2646000.0,311.4505067269764,teacher policy
1765,2646000.0,353.4286712713664,teacher policy
1766,2649000.0,313.31177430239785,teacher policy
1767,2649000.0,354.51124347582186,teacher policy
1768,2652000.0,315.234583005803,teacher policy
1769,2652000.0,355.7995403348211,teacher policy
1770,2655000.0,316.83596434373385,teacher policy
1771,2655000.0,356.71014010429656,teacher policy
1772,2658000.0,318.64524847482795,teacher policy
1773,2658000.0,352.1975533605602,teacher policy
1774,2661000.0,320.44513586372983,teacher policy
1775,2661000.0,353.39030334315373,teacher policy
1776,2664000.0,322.1779818036818,teacher policy
1777,2664000.0,354.7166330184782,teacher policy
1778,2667000.0,323.7644099605769,teacher policy
1779,2667000.0,355.66161798506175,teacher policy
1780,2670000.0,320.6736424828009,teacher policy
1781,2670000.0,356.6111261038762,teacher policy
1782,2673000.0,322.26919673275427,teacher policy
1783,2673000.0,353.0169770070916,teacher policy
1784,2676000.0,323.69147332056014,teacher policy
1785,2676000.0,354.2404472814029,teacher policy
1786,2679000.0,320.2976561374741,teacher policy
1787,2679000.0,355.44379568440763,teacher policy
1788,2682000.0,316.15531374012744,teacher policy
1789,2682000.0,349.91444342947193,teacher policy
1790,2685000.0,317.9235545112233,teacher policy
1791,2685000.0,351.1142197464294,teacher policy
1792,2688000.0,319.4735227520535,teacher policy
1793,2688000.0,352.2437004882196,teacher policy
1794,2691000.0,321.05008562220775,teacher policy
1795,2691000.0,353.3455696425177,teacher policy
1796,2694000.0,322.6676392076152,teacher policy
1797,2694000.0,354.2834092262298,teacher policy
1798,2697000.0,324.1249492652598,teacher policy
1799,2697000.0,355.1904253678771,teacher policy
1800,2700000.0,325.7817025992905,teacher policy
1801,2700000.0,351.7168843470918,teacher policy
1802,2703000.0,321.6646121721826,teacher policy
1803,2703000.0,353.11948574706406,teacher policy
1804,2706000.0,323.2974966865515,teacher policy
1805,2706000.0,354.5018634881775,teacher policy
1806,2709000.0,316.9480044249396,teacher policy
1807,2709000.0,355.499751633453,teacher policy
1808,2712000.0,318.51351272022987,teacher policy
1809,2712000.0,351.86932340376245,teacher policy
1810,2715000.0,320.303630649419,teacher policy
1811,2715000.0,353.36183256557,teacher policy
1812,2718000.0,322.0765051799853,teacher policy
1813,2718000.0,354.4928161291024,teacher policy
1814,2721000.0,318.8318761689149,teacher policy
1815,2721000.0,351.4203577252215,teacher policy
1816,2724000.0,320.4812335185835,teacher policy
1817,2724000.0,352.38764331974045,teacher policy
1818,2727000.0,322.1373614116884,teacher policy
1819,2727000.0,353.6766452140878,teacher policy
1820,2730000.0,323.74716606333743,teacher policy
1821,2730000.0,355.05004041039194,teacher policy
1822,2733000.0,325.3487846317191,teacher policy
1823,2733000.0,355.8983138941763,teacher policy
1824,2736000.0,326.7641691685769,teacher policy
1825,2736000.0,357.05424959383186,teacher policy
1826,2739000.0,328.2845632754397,teacher policy
1827,2739000.0,351.4983252007101,teacher policy
1828,2742000.0,329.68269830387624,teacher policy
1829,2742000.0,347.2307128989664,teacher policy
1830,2745000.0,331.1556910663144,teacher policy
1831,2745000.0,340.98843766076243,teacher policy
1832,2748000.0,332.60517551158966,teacher policy
1833,2748000.0,337.2128299030306,teacher policy
1834,2751000.0,334.0479975384672,teacher policy
1835,2751000.0,338.6516275041887,teacher policy
1836,2754000.0,335.3134383445338,teacher policy
1837,2754000.0,333.95860302218966,teacher policy
1838,2757000.0,330.9365922995059,teacher policy
1839,2757000.0,335.6843186570583,teacher policy
1840,2760000.0,332.1686856488283,teacher policy
1841,2760000.0,331.61281024717397,teacher policy
1842,2763000.0,333.32448368878136,teacher policy
1843,2763000.0,333.1892344621524,teacher policy
1844,2766000.0,330.03238946178305,teacher policy
1845,2766000.0,334.88525629146403,teacher policy
1846,2769000.0,331.1092355690318,teacher policy
1847,2769000.0,336.49763356309575,teacher policy
1848,2772000.0,332.5487146760105,teacher policy
1849,2772000.0,337.89842674144325,teacher policy
1850,2775000.0,333.945847682295,teacher policy
1851,2775000.0,339.25254377790344,teacher policy
1852,2778000.0,330.7447189671745,teacher policy
1853,2778000.0,340.5988301826188,teacher policy
1854,2781000.0,332.2275455350967,teacher policy
1855,2781000.0,342.2286797508414,teacher policy
1856,2784000.0,333.3151503861135,teacher policy
1857,2784000.0,343.6018924107074,teacher policy
1858,2787000.0,334.53242770065685,teacher policy
1859,2787000.0,344.76800397655575,teacher policy
1860,2790000.0,335.95096921012026,teacher policy
1861,2790000.0,341.2235867376008,teacher policy
1862,2793000.0,329.35094442430653,teacher policy
1863,2793000.0,337.54252381632534,teacher policy
1864,2796000.0,326.4828291918263,teacher policy
1865,2796000.0,338.9178586427332,teacher policy
1866,2799000.0,328.057442627521,teacher policy
1867,2799000.0,340.5882075245661,teacher policy
1868,2802000.0,329.4773039068065,teacher policy
1869,2802000.0,341.82058888188726,teacher policy
1870,2805000.0,330.8920644692954,teacher policy
1871,2805000.0,343.11756272436673,teacher policy
1872,2808000.0,332.3109968615501,teacher policy
1873,2808000.0,344.25072294448876,teacher policy
1874,2811000.0,333.7883865434597,teacher policy
1875,2811000.0,345.6450090227084,teacher policy
1876,2814000.0,335.1666361465749,teacher policy
1877,2814000.0,339.1396778119808,teacher policy
1878,2817000.0,336.4114778621199,teacher policy
1879,2817000.0,333.030383401249,teacher policy
1880,2820000.0,337.61434632733847,teacher policy
1881,2820000.0,334.71374240802874,teacher policy
1882,2823000.0,338.61842109512764,teacher policy
1883,2823000.0,336.10887857061033,teacher policy
1884,2826000.0,339.7940116576001,teacher policy
1885,2826000.0,337.487582957206,teacher policy
1886,2829000.0,340.9613791051122,teacher policy
1887,2829000.0,339.14675768966345,teacher policy
1888,2832000.0,342.0683887056271,teacher policy
1889,2832000.0,340.43600576340924,teacher policy
1890,2835000.0,343.2337006190146,teacher policy
1891,2835000.0,341.6611253698207,teacher policy
1892,2838000.0,344.39553417499366,teacher policy
1893,2838000.0,342.85021975695554,teacher policy
1894,2841000.0,345.6065541555563,teacher policy
1895,2841000.0,344.3532025444336,teacher policy
1896,2844000.0,346.75303818474987,teacher policy
1897,2844000.0,337.8802379198145,teacher policy
1898,2847000.0,347.54485608316423,teacher policy
1899,2847000.0,339.40581126200414,teacher policy
1900,2850000.0,348.73964560700875,teacher policy
1901,2850000.0,333.16936404311167,teacher policy
1902,2853000.0,344.6253026002641,teacher policy
1903,2853000.0,334.722334794476,teacher policy
1904,2856000.0,345.72087577189166,teacher policy
1905,2856000.0,336.3710045536646,teacher policy
1906,2859000.0,346.92058850547727,teacher policy
1907,2859000.0,337.94826952118507,teacher policy
1908,2862000.0,347.98540854689116,teacher policy
1909,2862000.0,339.43318657705044,teacher policy
1910,2865000.0,349.1087850927502,teacher policy
1911,2865000.0,341.1120802185563,teacher policy
1912,2868000.0,349.9795824133562,teacher policy
1913,2868000.0,342.3735800692633,teacher policy
1914,2871000.0,351.02078483247186,teacher policy
1915,2871000.0,343.9814032676827,teacher policy
1916,2874000.0,352.03437914558805,teacher policy
1917,2874000.0,345.28389739471186,teacher policy
1918,2877000.0,345.1847029152154,teacher policy
1919,2877000.0,341.05114074198366,teacher policy
1920,2880000.0,346.0234411078876,teacher policy
1921,2880000.0,342.1819416576127,teacher policy
1922,2883000.0,347.2872874712767,teacher policy
1923,2883000.0,343.48982931371825,teacher policy
1924,2886000.0,348.26385861638244,teacher policy
1925,2886000.0,344.7872306034204,teacher policy
1926,2889000.0,341.4564241564571,teacher policy
1927,2889000.0,346.24304910170355,teacher policy
1928,2892000.0,342.61228834910924,teacher policy
1929,2892000.0,347.4243014009195,teacher policy
1930,2895000.0,343.86450364169735,teacher policy
1931,2895000.0,348.5832110027839,teacher policy
1932,2898000.0,345.0915299751134,teacher policy
1933,2898000.0,344.94933166432,teacher policy
1934,2901000.0,346.09211453674396,teacher policy
1935,2901000.0,346.16807696462735,teacher policy
1936,2904000.0,347.16344058097,teacher policy
1937,2904000.0,347.6758012407645,teacher policy
1938,2907000.0,348.2653017742334,teacher policy
1939,2907000.0,349.0030756212226,teacher policy
1940,2910000.0,349.1546820180456,teacher policy
1941,2910000.0,344.1149638482543,teacher policy
1942,2913000.0,350.1642788073722,teacher policy
1943,2913000.0,345.60329933691423,teacher policy
1944,2916000.0,351.0974629577873,teacher policy
1945,2916000.0,347.05231245173843,teacher policy
1946,2919000.0,344.203289272362,teacher policy
1947,2919000.0,348.41118075348487,teacher policy
1948,2922000.0,345.3481413335944,teacher policy
1949,2922000.0,349.7674249118527,teacher policy
1950,2925000.0,346.579713052821,teacher policy
1951,2925000.0,351.11940246342033,teacher policy
1952,2928000.0,342.9428078176434,teacher policy
1953,2928000.0,352.20315394051914,teacher policy
1954,2931000.0,344.15223779410303,teacher policy
1955,2931000.0,353.1609347337791,teacher policy
1956,2934000.0,345.46683341908033,teacher policy
1957,2934000.0,354.2023449453535,teacher policy
1958,2937000.0,346.55738200460496,teacher policy
1959,2937000.0,349.66066685900745,teacher policy
1960,2940000.0,347.5138088274035,teacher policy
1961,2940000.0,350.6726616517101,teacher policy
1962,2943000.0,348.5525768403086,teacher policy
1963,2943000.0,351.54326054269933,teacher policy
1964,2946000.0,349.6958551374868,teacher policy
1965,2946000.0,352.74335846661097,teacher policy
1966,2949000.0,350.6893708960652,teacher policy
1967,2949000.0,353.96065133145845,teacher policy
1968,2952000.0,345.97028570287534,teacher policy
1969,2952000.0,355.2329031485793,teacher policy
1970,2955000.0,346.88481187358343,teacher policy
1971,2955000.0,350.7992096699583,teacher policy
1972,2958000.0,347.97678238415864,teacher policy
1973,2958000.0,351.8403745244107,teacher policy
1974,2961000.0,349.1141302813973,teacher policy
1975,2961000.0,353.0587739431022,teacher policy
1976,2964000.0,349.99476637694124,teacher policy
1977,2964000.0,354.0625844261543,teacher policy
1978,2967000.0,350.95214949178524,teacher policy
1979,2967000.0,355.30921786946715,teacher policy
1980,2970000.0,352.0613816484339,teacher policy
1981,2970000.0,356.68984564586685,teacher policy
1982,2973000.0,345.553787133141,teacher policy
1983,2973000.0,357.9473200952542,teacher policy
1984,2976000.0,346.596089076025,teacher policy
1985,2976000.0,359.0716262568257,teacher policy
1986,2979000.0,347.5650938081764,teacher policy
1987,2979000.0,359.95086878051734,teacher policy
1988,2982000.0,348.5313456429504,teacher policy
1989,2982000.0,361.22132711291476,teacher policy
1990,2985000.0,349.3594046431773,teacher policy
1991,2985000.0,362.13926568296114,teacher policy
1992,2988000.0,350.3052884497278,teacher policy
1993,2988000.0,363.33265895816913,teacher policy
1994,2991000.0,346.3952004419637,teacher policy
1995,2991000.0,358.1996203000324,teacher policy
1996,2994000.0,347.4795980688666,teacher policy
1997,2994000.0,359.4383201547739,teacher policy
1998,2997000.0,348.5785321084658,teacher policy
1999,2997000.0,355.36010810348506,teacher policy
